,Date,Day,Timestamp,Speed,NetworkMode,RSRP,RSRQ,SNR,CQI,RSSI,DL_bitrate,UL_bitrate,State,Rolling_avg
8,2020.02.14,,09.38.30,0,LTE,-88,-12,1.0,9,-87,7082,246,D,
9,2020.02.14,,09.38.32,0,LTE,-86,-12,0.0,10,-87,9125,147,D,
10,2020.02.14,,09.38.33,0,LTE,-86,-12,0.0,10,-87,9298,126,D,
11,2020.02.14,,09.38.34,0,LTE,-86,-10,2.0,8,-87,8411,121,D,
12,2020.02.14,,09.38.35,0,LTE,-86,-10,2.0,8,-87,7735,119,D,
13,2020.02.14,,09.38.36,0,LTE,-89,-14,1.0,7,-87,4851,90,D,
14,2020.02.14,,09.38.38,0,LTE,-89,-14,1.0,7,-87,7993,119,D,
15,2020.02.14,,09.38.39,0,LTE,-86,-12,4.0,7,-87,5236,93,D,
16,2020.02.14,,09.38.40,0,LTE,-86,-12,4.0,7,-85,5073,86,D,
17,2020.02.14,,09.38.41,0,LTE,-86,-10,4.0,12,-87,5580,67,D,
18,2020.02.14,,09.38.42,0,LTE,-86,-10,4.0,12,-87,4183,7,D,
19,2020.02.14,,09.38.42,0,LTE,-86,-10,4.0,12,-87,4183,7,D,
20,2020.02.14,,09.38.43,0,LTE,-85,-9,7.0,7,-87,8851,211,D,
21,2020.02.14,,09.38.45,0,LTE,-85,-9,7.0,7,-87,8101,112,D,
22,2020.02.14,,09.38.46,0,LTE,-85,-10,7.0,14,-87,8320,139,D,
23,2020.02.14,,09.38.47,0,LTE,-85,-10,7.0,14,-87,5299,102,D,
24,2020.02.14,,09.38.48,0,LTE,-87,-11,3.0,9,-87,6906,122,D,
25,2020.02.14,,09.38.49,0,LTE,-87,-11,3.0,9,-87,7195,117,D,
26,2020.02.14,,09.38.50,0,LTE,-87,-11,3.0,7,-83,5973,109,D,
27,2020.02.14,,09.38.52,0,LTE,-87,-11,3.0,7,-85,1807,53,D,
28,2020.02.14,,09.38.53,0,LTE,-85,-14,1.0,8,-87,1206,28,D,
29,2020.02.14,,09.38.55,0,LTE,-86,-12,2.0,9,-87,447,10,D,
30,2020.02.14,,09.38.56,0,LTE,-86,-12,2.0,9,-85,447,10,D,
32,2020.02.14,,09.38.58,0,LTE,-85,-9,8.0,10,-85,102,8,D,
33,2020.02.14,,09.38.59,0,LTE,-85,-9,8.0,10,-85,7582,208,D,
34,2020.02.14,,09.39.00,0,LTE,-85,-8,10.0,11,-87,4702,106,D,
35,2020.02.14,,09.39.01,0,LTE,-85,-8,10.0,11,-87,2492,70,D,
36,2020.02.14,,09.39.02,0,LTE,-87,-11,6.0,9,-87,4326,59,D,
37,2020.02.14,,09.39.03,0,LTE,-87,-11,6.0,9,-87,8109,130,D,
38,2020.02.14,,09.39.05,0,LTE,-86,-11,7.0,9,-85,7345,129,D,
39,2020.02.14,,09.39.06,0,LTE,-86,-11,7.0,9,-85,5346,96,D,
40,2020.02.14,,09.39.07,0,LTE,-87,-9,8.0,11,-87,4001,71,D,
41,2020.02.14,,09.39.09,0,LTE,-88,-11,10.0,5,-89,289,4,D,
44,2020.02.14,,09.39.12,0,LTE,-86,-8,6.0,14,-87,1894,55,D,
45,2020.02.14,,09.39.13,0,LTE,-86,-8,6.0,14,-87,5404,187,D,
46,2020.02.14,,09.39.14,0,LTE,-85,-9,8.0,13,-87,6513,96,D,
47,2020.02.14,,09.39.15,0,LTE,-85,-9,8.0,13,-87,8026,121,D,
48,2020.02.14,,09.39.16,0,LTE,-85,-10,7.0,12,-87,12992,210,D,
49,2020.02.14,,09.39.18,0,LTE,-85,-10,7.0,12,-87,17324,228,D,
50,2020.02.14,,09.39.19,0,LTE,-85,-11,8.0,10,-87,18976,264,D,
51,2020.02.14,,09.39.20,0,LTE,-85,-11,8.0,10,-87,14801,254,D,
52,2020.02.14,,09.39.21,0,LTE,-86,-13,2.0,8,-87,12372,235,D,
53,2020.02.14,,09.39.22,0,LTE,-86,-13,2.0,8,-87,7125,132,D,
54,2020.02.14,,09.39.23,0,LTE,-86,-11,2.0,15,-87,6436,73,D,
57,2020.02.14,,09.39.26,0,LTE,-85,-8,18.0,11,-89,8748,232,D,
58,2020.02.14,,09.39.27,0,LTE,-85,-8,18.0,11,-85,18785,372,D,
59,2020.02.14,,09.39.28,0,LTE,-85,-12,9.0,10,-83,20801,443,D,
60,2020.02.14,,09.39.29,0,LTE,-85,-12,9.0,10,-83,16508,151,D,
61,2020.02.14,,09.39.30,0,LTE,-85,-13,5.0,7,-85,10143,208,D,
62,2020.02.14,,09.39.32,0,LTE,-85,-13,5.0,7,-87,5370,102,D,
63,2020.02.14,,09.39.33,0,LTE,-87,-12,2.0,10,-87,5014,80,D,
64,2020.02.14,,09.39.34,0,LTE,-87,-12,2.0,10,-87,9125,111,D,
65,2020.02.14,,09.39.35,0,LTE,-86,-10,5.0,10,-87,11986,144,D,
66,2020.02.14,,09.39.36,0,LTE,-86,-10,5.0,10,-85,6624,108,D,
67,2020.02.14,,09.39.37,0,LTE,-87,-14,4.0,9,-87,9541,113,D,
68,2020.02.14,,09.39.39,0,LTE,-87,-14,4.0,9,-87,768,12,D,
69,2020.02.14,,09.39.39,0,LTE,-87,-14,4.0,9,-87,768,12,D,
70,2020.02.14,,09.39.40,0,LTE,-84,-13,-7.0,8,-87,3214,124,D,
71,2020.02.14,,09.39.41,0,LTE,-84,-13,-7.0,8,-77,10928,290,D,
72,2020.02.14,,09.39.42,0,LTE,-76,-8,12.0,13,-77,3260,56,D,
73,2020.02.14,,09.39.43,0,LTE,-76,-8,12.0,13,-77,6307,80,D,
74,2020.02.14,,09.39.45,0,LTE,-77,-10,16.0,13,-77,6180,107,D,
75,2020.02.14,,09.39.46,0,LTE,-77,-10,16.0,13,-77,7225,101,D,
76,2020.02.14,,09.39.47,0,LTE,-74,-10,16.0,12,-79,11457,138,D,
77,2020.02.14,,09.39.48,0,LTE,-74,-10,16.0,12,-81,10412,140,D,
78,2020.02.14,,09.39.49,0,LTE,-78,-10,16.0,8,-79,12595,171,D,
79,2020.02.14,,09.39.50,0,LTE,-78,-10,16.0,8,-81,9241,134,D,
80,2020.02.14,,09.39.52,0,LTE,-77,-12,15.0,13,-77,9819,89,D,
81,2020.02.14,,09.39.53,0,LTE,-77,-12,15.0,13,-79,489,32,D,
82,2020.02.14,,09.39.53,0,LTE,-77,-12,15.0,13,-79,489,32,D,
83,2020.02.14,,09.39.54,0,LTE,-83,-13,12.0,10,-83,39,9,D,
84,2020.02.14,,09.39.55,0,LTE,-83,-13,12.0,10,-83,4735,154,D,
85,2020.02.14,,09.39.56,0,LTE,-83,-12,9.0,5,-83,4831,124,D,
86,2020.02.14,,09.39.58,0,LTE,-83,-12,9.0,5,-87,8099,107,D,
87,2020.02.14,,09.39.59,25,LTE,-83,-12,9.0,5,-87,6006,121,D,
88,2020.02.14,,09.39.59,25,LTE,-87,-12,10.0,6,-87,6006,121,D,
89,2020.02.14,,09.40.00,25,LTE,-87,-12,10.0,6,-87,5443,84,D,
90,2020.02.14,,09.40.01,25,LTE,-86,-12,7.0,7,-83,5847,91,D,
91,2020.02.14,,09.40.02,25,LTE,-86,-12,7.0,7,-85,6100,111,D,
92,2020.02.14,,09.40.03,25,LTE,-84,-11,8.0,11,-85,5777,106,D,
93,2020.02.14,,09.40.06,25,LTE,-81,-9,11.0,11,-81,3232,37,D,
94,2020.02.14,,09.40.07,25,LTE,-81,-9,11.0,11,-83,3232,37,D,
96,2020.02.14,,09.40.08,25,LTE,-77,-8,9.0,10,-77,2957,97,D,
97,2020.02.14,,09.40.09,25,LTE,-77,-8,9.0,10,-73,2888,100,D,
98,2020.02.14,,09.40.11,25,LTE,-75,-6,13.0,8,-75,6606,103,D,
99,2020.02.14,,09.40.12,25,LTE,-75,-6,13.0,8,-83,10272,126,D,
100,2020.02.14,,09.40.13,25,LTE,-82,-8,13.0,9,-83,8941,127,D,
101,2020.02.14,,09.40.14,25,LTE,-82,-8,13.0,9,-85,11422,142,D,
102,2020.02.14,,09.40.15,25,LTE,-86,-11,8.0,5,-87,5544,116,D,
103,2020.02.14,,09.40.16,25,LTE,-86,-11,8.0,5,-87,5861,90,D,
104,2020.02.14,,09.40.18,25,LTE,-90,-12,5.0,7,-89,6652,103,D,
107,2020.02.14,,09.40.21,25,LTE,-84,-11,5.0,7,-89,2659,101,D,
108,2020.02.14,,09.40.22,25,LTE,-89,-13,2.0,8,-89,6283,163,D,
109,2020.02.14,,09.40.23,25,LTE,-89,-13,2.0,8,-89,8733,128,D,
110,2020.02.14,,09.40.25,25,LTE,-89,-13,1.0,8,-89,10542,153,D,
111,2020.02.14,,09.40.26,25,LTE,-89,-13,1.0,8,-89,9450,170,D,
112,2020.02.14,,09.40.27,25,LTE,-89,-13,0.0,7,-89,10780,162,D,
113,2020.02.14,,09.40.28,25,LTE,-89,-13,0.0,7,-89,8928,171,D,
114,2020.02.14,,09.40.29,25,LTE,-89,-14,0.0,7,-89,8985,133,D,
115,2020.02.14,,09.40.30,25,LTE,-89,-14,0.0,7,-89,7783,120,D,
116,2020.02.14,,09.40.32,25,LTE,-90,-14,2.0,8,-91,8171,125,D,
117,2020.02.14,,09.40.33,25,LTE,-90,-14,2.0,8,-89,6005,135,D,
120,2020.02.14,,09.40.35,25,LTE,-89,-13,2.0,7,-89,326,17,D,
121,2020.02.14,,09.40.36,25,LTE,-89,-10,4.0,7,-89,3575,118,D,
122,2020.02.14,,09.40.37,25,LTE,-89,-10,4.0,7,-91,4686,128,D,
123,2020.02.14,,09.40.39,25,LTE,-88,-11,3.0,7,-89,7126,108,D,
124,2020.02.14,,09.40.40,25,LTE,-88,-11,3.0,7,-91,10908,163,D,
125,2020.02.14,,09.40.41,25,LTE,-90,-12,3.0,6,-91,7371,136,D,
126,2020.02.14,,09.40.42,25,LTE,-90,-12,3.0,6,-91,8966,142,D,
127,2020.02.14,,09.40.43,25,LTE,-89,-12,5.0,6,-91,7958,125,D,
128,2020.02.14,,09.40.44,25,LTE,-89,-12,5.0,6,-91,8587,168,D,
129,2020.02.14,,09.40.47,25,LTE,-89,-11,5.0,7,-89,6973,117,D,
132,2020.02.14,,09.40.49,25,LTE,-89,-11,5.0,6,-89,5919,171,D,
133,2020.02.14,,09.40.50,25,LTE,-89,-13,3.0,9,-89,7358,116,D,
134,2020.02.14,,09.40.52,25,LTE,-89,-13,3.0,9,-89,4705,86,D,
135,2020.02.14,,09.40.53,25,LTE,-89,-11,5.0,7,-89,7486,128,D,
136,2020.02.14,,09.40.54,25,LTE,-89,-11,5.0,7,-89,9185,131,D,
137,2020.02.14,,09.40.55,25,LTE,-88,-12,4.0,9,-89,3327,84,D,
138,2020.02.14,,09.40.56,25,LTE,-88,-12,4.0,9,-89,1151,38,D,
139,2020.02.14,,09.40.58,25,LTE,-89,-13,4.0,9,-89,1933,35,D,
140,2020.02.14,,09.40.59,25,LTE,-89,-13,4.0,9,-89,2430,49,D,
141,2020.02.14,,09.41.01,25,LTE,-88,-14,3.0,7,-89,725,19,D,
143,2020.02.14,,09.41.03,25,LTE,-88,-14,5.0,8,-89,28,15,D,
144,2020.02.14,,09.41.04,25,LTE,-88,-14,5.0,8,-89,28,15,D,
145,2020.02.14,,09.41.05,25,LTE,-89,-12,3.0,7,-89,791,43,D,
146,2020.02.14,,09.41.06,25,LTE,-89,-12,3.0,7,-89,7967,219,D,
147,2020.02.14,,09.41.07,25,LTE,-88,-11,6.0,7,-89,5934,114,D,
148,2020.02.14,,09.41.08,25,LTE,-88,-11,6.0,7,-89,5661,100,D,
149,2020.02.14,,09.41.09,25,LTE,-88,-13,5.0,7,-89,5782,90,D,
150,2020.02.14,,09.41.11,25,LTE,-88,-13,5.0,7,-89,7807,123,D,
151,2020.02.14,,09.41.12,25,LTE,-88,-13,4.0,6,-89,7577,111,D,
152,2020.02.14,,09.41.13,25,LTE,-88,-13,4.0,6,-89,5428,84,D,
153,2020.02.14,,09.41.14,25,LTE,-88,-14,3.0,9,-89,11323,172,D,
154,2020.02.14,,09.41.15,25,LTE,-88,-14,3.0,9,-89,11729,178,D,
155,2020.02.14,,09.41.16,25,LTE,-88,-13,2.0,7,-89,4319,106,D,
158,2020.02.14,,09.41.19,25,LTE,-89,-11,2.0,9,-89,2823,89,D,
159,2020.02.14,,09.41.20,25,LTE,-89,-11,2.0,9,-89,4087,141,D,
160,2020.02.14,,09.41.21,25,LTE,-89,-12,2.0,9,-89,3870,67,D,
161,2020.02.14,,09.41.22,25,LTE,-89,-12,2.0,9,-89,6576,106,D,
162,2020.02.14,,09.41.23,25,LTE,-89,-11,3.0,7,-89,9907,155,D,
163,2020.02.14,,09.41.25,25,LTE,-89,-11,3.0,7,-89,6210,123,D,
164,2020.02.14,,09.41.26,25,LTE,-88,-12,1.0,8,-89,4341,81,D,
165,2020.02.14,,09.41.27,25,LTE,-88,-12,1.0,8,-89,2900,55,D,
166,2020.02.14,,09.41.28,25,LTE,-88,-10,2.0,10,-89,1698,36,D,
167,2020.02.14,,09.41.29,25,LTE,-88,-10,2.0,10,-89,2969,62,D,
168,2020.02.14,,09.41.31,25,LTE,-88,-11,5.0,8,-89,838,20,D,
171,2020.02.14,,09.41.33,25,LTE,-89,-11,2.0,5,-89,3457,111,D,
172,2020.02.14,,09.41.34,25,LTE,-89,-11,2.0,5,-89,8280,161,D,
173,2020.02.14,,09.41.35,25,LTE,-88,-14,3.0,9,-89,3573,82,D,
174,2020.02.14,,09.41.36,25,LTE,-88,-14,3.0,9,-89,6263,109,D,
175,2020.02.14,,09.41.38,25,LTE,-89,-12,3.0,7,-89,6647,140,D,
176,2020.02.14,,09.41.39,25,LTE,-89,-12,3.0,7,-91,2840,61,D,
177,2020.02.14,,09.41.40,25,LTE,-90,-14,2.0,8,-91,2771,49,D,
178,2020.02.14,,09.41.41,25,LTE,-90,-14,2.0,8,-91,2110,37,D,
179,2020.02.14,,09.41.42,25,LTE,-89,-14,1.0,5,-91,3082,57,D,
180,2020.02.14,,09.41.45,25,LTE,-88,-15,0.0,8,-89,1965,30,D,
183,2020.02.14,,09.41.47,25,LTE,-89,-13,3.0,12,-89,6081,192,D,
184,2020.02.14,,09.41.48,25,LTE,-89,-13,3.0,12,-89,8645,148,D,
185,2020.02.14,,09.41.49,25,LTE,-89,-13,4.0,7,-89,14843,203,D,
186,2020.02.14,,09.41.51,25,LTE,-89,-13,4.0,7,-89,11063,144,D,
187,2020.02.14,,09.41.52,25,LTE,-88,-13,3.0,12,-89,14781,343,D,
188,2020.02.14,,09.41.53,25,LTE,-88,-13,3.0,12,-89,18066,284,D,
189,2020.02.14,,09.41.54,25,LTE,-88,-14,2.0,8,-89,12279,211,D,
190,2020.02.14,,09.41.55,25,LTE,-88,-14,2.0,8,-89,7569,128,D,
191,2020.02.14,,09.41.57,25,LTE,-88,-15,0.0,7,-89,4874,116,D,
192,2020.02.14,,09.41.59,25,LTE,-89,-12,1.0,6,-89,2177,30,D,
195,2020.02.14,,09.42.01,25,LTE,-89,-9,2.0,10,-89,5645,190,D,
196,2020.02.14,,09.42.02,25,LTE,-89,-9,2.0,10,-89,8281,135,D,
197,2020.02.14,,09.42.04,25,LTE,-89,-13,3.0,7,-89,8825,141,D,
198,2020.02.14,,09.42.05,25,LTE,-89,-13,3.0,7,-89,8824,156,D,
199,2020.02.14,,09.42.06,25,LTE,-88,-11,4.0,6,-89,1453,35,D,
200,2020.02.14,,09.42.07,25,LTE,-88,-11,4.0,6,-89,794,20,D,
201,2020.02.14,,09.42.08,25,LTE,-89,-14,3.0,9,-89,1228,26,D,
202,2020.02.14,,09.42.09,25,LTE,-89,-14,3.0,9,-89,915,24,D,
203,2020.02.14,,09.42.11,25,LTE,-89,-14,3.0,7,-89,1195,26,D,
204,2020.02.14,,09.42.13,25,LTE,-88,-12,3.0,7,-89,201,3,D,
205,2020.02.14,,09.42.14,25,LTE,-88,-12,3.0,7,-89,201,3,D,
206,2020.02.14,,09.42.14,25,LTE,-88,-12,3.0,7,-89,917,36,D,
207,2020.02.14,,09.42.15,25,LTE,-88,-14,4.0,8,-89,10440,248,D,
208,2020.02.14,,09.42.17,25,LTE,-88,-14,4.0,8,-89,2781,54,D,
209,2020.02.14,,09.42.18,25,LTE,-89,-11,4.0,7,-89,3327,77,D,
210,2020.02.14,,09.42.19,25,LTE,-89,-11,4.0,7,-89,2779,54,D,
211,2020.02.14,,09.42.20,25,LTE,-89,-12,4.0,8,-89,2526,61,D,
212,2020.02.14,,09.42.21,25,LTE,-89,-12,4.0,8,-89,469,12,D,
213,2020.02.14,,09.42.23,25,LTE,-89,-11,2.0,6,-89,793,22,D,
214,2020.02.14,,09.42.24,25,LTE,-89,-11,2.0,6,-89,33,1,D,
215,2020.02.14,,09.42.25,25,LTE,-89,-10,5.0,9,-89,1017,22,D,
216,2020.02.14,,09.42.26,25,LTE,-89,-10,5.0,9,-89,1810,37,D,
219,2020.02.14,,09.42.28,25,LTE,-89,-12,4.0,9,-89,1807,65,D,
220,2020.02.14,,09.42.30,25,LTE,-88,-13,2.0,8,-89,8930,228,D,
221,2020.02.14,,09.42.31,25,LTE,-88,-13,2.0,8,-89,6010,148,D,
222,2020.02.14,,09.42.32,25,LTE,-88,-14,-1.0,8,-89,8168,130,D,
223,2020.02.14,,09.42.33,25,LTE,-88,-14,-1.0,8,-89,4107,85,D,
224,2020.02.14,,09.42.34,25,LTE,-89,-14,-2.0,8,-89,3969,60,D,
225,2020.02.14,,09.42.35,25,LTE,-89,-14,-2.0,8,-89,3653,77,D,
226,2020.02.14,,09.42.37,25,LTE,-89,-14,-2.0,8,-89,5283,80,D,
227,2020.02.14,,09.42.38,25,LTE,-89,-14,-2.0,8,-89,3351,87,D,
228,2020.02.14,,09.42.39,25,LTE,-89,-14,0.0,8,-89,4022,77,D,
229,2020.02.14,,09.42.40,25,LTE,-89,-14,0.0,8,-89,3211,51,D,
232,2020.02.14,,09.42.42,25,LTE,-88,-14,1.0,8,-89,1887,68,D,
233,2020.02.14,,09.42.44,25,LTE,-88,-14,2.0,9,-89,5122,178,D,
234,2020.02.14,,09.42.45,25,LTE,-88,-14,2.0,9,-89,1953,45,D,
235,2020.02.14,,09.42.46,25,LTE,-88,-11,2.0,9,-89,2256,49,D,
236,2020.02.14,,09.42.47,25,LTE,-88,-11,2.0,9,-89,2244,40,D,
237,2020.02.14,,09.42.48,25,LTE,-88,-14,1.0,8,-89,1386,28,D,
238,2020.02.14,,09.42.50,25,LTE,-88,-14,1.0,8,-89,2694,51,D,
239,2020.02.14,,09.42.51,25,LTE,-88,-13,-1.0,8,-89,2803,54,D,
240,2020.02.14,,09.42.52,25,LTE,-88,-13,-1.0,8,-89,6124,96,D,
241,2020.02.14,,09.42.53,25,LTE,-89,-11,3.0,6,-89,5924,117,D,
242,2020.02.14,,09.42.54,25,LTE,-89,-11,3.0,6,-89,3479,65,D,
245,2020.02.14,,09.42.57,25,LTE,-88,-10,5.0,7,-89,2498,95,D,
246,2020.02.14,,09.42.58,25,LTE,-88,-13,3.0,7,-89,5249,173,D,
247,2020.02.14,,09.42.59,25,LTE,-88,-13,3.0,7,-89,6301,108,D,
248,2020.02.14,,09.43.00,25,LTE,-88,-14,-1.0,8,-89,6376,97,D,
249,2020.02.14,,09.43.01,25,LTE,-88,-14,-1.0,8,-89,6254,91,D,
250,2020.02.14,,09.43.03,25,LTE,-88,-12,4.0,9,-89,7346,106,D,
251,2020.02.14,,09.43.04,25,LTE,-88,-12,4.0,9,-89,7222,121,D,
252,2020.02.14,,09.43.05,25,LTE,-88,-11,2.0,7,-91,8211,118,D,
253,2020.02.14,,09.43.06,25,LTE,-88,-11,2.0,7,-91,8665,138,D,
254,2020.02.14,,09.43.07,25,LTE,-90,-15,1.0,7,-91,12482,198,D,
255,2020.02.14,,09.43.08,25,LTE,-90,-15,1.0,7,-91,5897,78,D,
256,2020.02.14,,09.43.09,25,LTE,-90,-15,1.0,7,-91,5897,78,D,
257,2020.02.14,,09.43.10,25,LTE,-89,-13,3.0,7,-91,735,18,D,
258,2020.02.14,,09.43.11,25,LTE,-89,-13,3.0,7,-91,6952,222,D,
259,2020.02.14,,09.43.12,25,LTE,-89,-13,3.0,9,-89,8226,115,D,
260,2020.02.14,,09.43.13,25,LTE,-89,-13,3.0,9,-89,7868,114,D,
261,2020.02.14,,09.43.14,25,LTE,-88,-12,3.0,7,-89,4463,96,D,
262,2020.02.14,,09.43.16,25,LTE,-88,-12,3.0,7,-89,4820,80,D,
263,2020.02.14,,09.43.17,25,LTE,-87,-14,3.0,9,-89,6422,134,D,
264,2020.02.14,,09.43.18,25,LTE,-87,-14,3.0,9,-89,5196,80,D,
265,2020.02.14,,09.43.19,25,LTE,-89,-13,4.0,9,-89,6549,101,D,
266,2020.02.14,,09.43.20,25,LTE,-89,-13,4.0,9,-89,6107,114,D,
267,2020.02.14,,09.43.21,25,LTE,-89,-13,3.0,9,-89,4811,76,D,
268,2020.02.14,,09.43.23,25,LTE,-89,-13,3.0,9,-89,419,2,D,
269,2020.02.14,,09.43.23,25,LTE,-89,-13,3.0,9,-89,419,2,D,
270,2020.02.14,,09.43.24,25,LTE,-89,-13,3.0,7,-89,1114,39,D,
271,2020.02.14,,09.43.25,25,LTE,-89,-13,3.0,7,-89,7886,220,D,
272,2020.02.14,,09.43.26,25,LTE,-88,-12,4.0,6,-89,6909,110,D,
273,2020.02.14,,09.43.27,25,LTE,-88,-12,4.0,6,-89,2522,36,D,
274,2020.02.14,,09.43.28,25,LTE,-89,-13,-4.0,7,-89,7432,117,D,
275,2020.02.14,,09.43.30,25,LTE,-89,-13,-4.0,7,-89,1660,32,D,
276,2020.02.14,,09.43.31,25,LTE,-89,-12,4.0,7,-89,7851,131,D,
277,2020.02.14,,09.43.32,25,LTE,-89,-12,4.0,7,-89,6672,99,D,
278,2020.02.14,,09.43.33,25,LTE,-89,-13,4.0,6,-89,5079,101,D,
279,2020.02.14,,09.43.34,25,LTE,-89,-13,4.0,6,-89,4252,98,D,
280,2020.02.14,,09.43.36,25,LTE,-89,-13,3.0,6,-89,6211,98,D,
281,2020.02.14,,09.43.37,25,LTE,-89,-13,3.0,6,-89,243,1,D,
282,2020.02.14,,09.43.37,25,LTE,-89,-13,3.0,6,-89,243,1,D,
283,2020.02.14,,09.43.38,25,LTE,-89,-13,-2.0,7,-89,1667,70,D,
284,2020.02.14,,09.43.39,25,LTE,-89,-13,-2.0,7,-89,2468,91,D,
285,2020.02.14,,09.43.40,25,LTE,-88,-13,-2.0,10,-89,1207,45,D,
286,2020.02.14,,09.43.41,25,LTE,-88,-13,-2.0,10,-89,2536,68,D,
287,2020.02.14,,09.43.43,25,LTE,-88,-12,3.0,9,-89,4002,78,D,
288,2020.02.14,,09.43.44,25,LTE,-88,-12,3.0,9,-89,1900,48,D,
289,2020.02.14,,09.43.45,25,LTE,-88,-13,4.0,6,-89,1341,26,D,
290,2020.02.14,,09.43.46,25,LTE,-88,-13,4.0,6,-89,1610,35,D,
291,2020.02.14,,09.43.47,25,LTE,-89,-14,0.0,10,-89,3127,53,D,
292,2020.02.14,,09.43.48,25,LTE,-89,-14,0.0,10,-89,3295,63,D,
293,2020.02.14,,09.43.50,25,LTE,-89,-13,5.0,7,-89,3541,67,D,
296,2020.02.14,,09.43.52,25,LTE,-88,-11,-2.0,6,-89,2391,80,D,
297,2020.02.14,,09.43.53,25,LTE,-88,-11,-2.0,6,-89,5257,165,D,
298,2020.02.14,,09.43.54,25,LTE,-88,-13,2.0,6,-89,1967,40,D,
299,2020.02.14,,09.43.55,25,LTE,-88,-13,2.0,6,-89,5033,94,D,
300,2020.02.14,,09.43.57,25,LTE,-88,-12,3.0,6,-89,3012,48,D,
301,2020.02.14,,09.43.58,25,LTE,-88,-12,3.0,6,-89,1809,32,D,
302,2020.02.14,,09.43.59,25,LTE,-89,-14,3.0,9,-89,2926,61,D,
303,2020.02.14,,09.44.00,25,LTE,-89,-14,3.0,9,-89,2411,49,D,
304,2020.02.14,,09.44.01,25,LTE,-88,-13,3.0,6,-89,2332,44,D,
305,2020.02.14,,09.44.04,25,LTE,-88,-13,3.0,8,-89,2438,38,D,
306,2020.02.14,,09.44.05,25,LTE,-88,-13,3.0,8,-89,324,13,D,
307,2020.02.14,,09.44.05,25,LTE,-88,-13,3.0,8,-89,324,13,D,
308,2020.02.14,,09.44.06,25,LTE,-89,-13,6.0,8,-89,4132,149,D,
309,2020.02.14,,09.44.07,25,LTE,-89,-13,6.0,8,-89,3900,126,D,
310,2020.02.14,,09.44.08,25,LTE,-89,-13,4.0,10,-89,4304,66,D,
311,2020.02.14,,09.44.10,25,LTE,-89,-13,4.0,10,-89,4266,63,D,
312,2020.02.14,,09.44.11,25,LTE,-89,-14,2.0,7,-89,3864,67,D,
313,2020.02.14,,09.44.12,25,LTE,-89,-14,2.0,7,-91,5439,87,D,
314,2020.02.14,,09.44.13,25,LTE,-89,-13,1.0,6,-91,5747,108,D,
315,2020.02.14,,09.44.14,25,LTE,-89,-13,1.0,6,-89,4248,69,D,
316,2020.02.14,,09.44.16,25,LTE,-88,-13,2.0,9,-89,4282,72,D,
317,2020.02.14,,09.44.18,11,LTE,-88,-13,2.0,9,-91,1854,37,D,
318,2020.02.14,,09.44.18,11,LTE,-88,-14,2.0,8,-91,1632,51,D,
321,2020.02.14,,09.44.20,11,LTE,-85,-12,-1.0,6,-85,6079,204,D,
322,2020.02.14,,09.44.21,11,LTE,-85,-12,-1.0,6,-85,7455,128,D,
323,2020.02.14,,09.44.23,11,LTE,-86,-10,2.0,9,-87,7733,109,D,
324,2020.02.14,,09.44.24,11,LTE,-86,-10,2.0,9,-87,7208,122,D,
325,2020.02.14,,09.44.25,11,LTE,-89,-12,1.0,9,-89,8869,142,D,
326,2020.02.14,,09.44.26,11,LTE,-89,-12,1.0,9,-87,8335,109,D,
327,2020.02.14,,09.44.27,11,LTE,-86,-11,2.0,8,-89,7706,123,D,
328,2020.02.14,,09.44.28,11,LTE,-86,-11,2.0,8,-87,7386,125,D,
329,2020.02.14,,09.44.30,11,LTE,-87,-12,0.0,9,-87,8855,143,D,
330,2020.02.14,,09.44.32,11,LTE,-90,-13,-1.0,9,-91,2404,33,D,
331,2020.02.14,,09.44.33,11,LTE,-90,-13,-1.0,9,-87,2404,33,D,
332,2020.02.14,,09.44.33,11,LTE,-90,-13,-1.0,9,-87,728,32,D,
333,2020.02.14,,09.44.34,11,LTE,-87,-13,-5.0,6,-89,7018,170,D,
334,2020.02.14,,09.44.36,11,LTE,-87,-13,-5.0,6,-93,3722,59,D,
335,2020.02.14,,09.44.37,11,LTE,-93,-14,4.0,9,-91,1934,29,D,
336,2020.02.14,,09.44.38,11,LTE,-93,-14,4.0,9,-91,3131,58,D,
337,2020.02.14,,09.44.39,11,LTE,-79,-13,-4.0,6,-89,5032,87,D,
338,2020.02.14,,09.44.40,49,LTE,-79,-13,-4.0,6,-75,5032,87,D,
339,2020.02.14,,09.44.40,49,LTE,-79,-13,-4.0,6,-75,5707,76,D,
340,2020.02.14,,09.44.41,49,LTE,-85,-12,9.0,6,-89,3655,60,D,
341,2020.02.14,,09.44.43,49,LTE,-85,-12,9.0,6,-89,4166,65,D,
342,2020.02.14,,09.44.44,49,LTE,-90,-14,5.0,8,-89,3054,50,D,
343,2020.02.14,,09.44.45,49,LTE,-90,-14,5.0,8,-89,2911,42,D,
346,2020.02.14,,09.44.47,49,LTE,-90,-13,4.0,11,-93,1282,46,D,
347,2020.02.14,,09.44.48,49,LTE,-92,-13,6.0,11,-87,6515,191,D,
348,2020.02.14,,09.44.49,39,LTE,-92,-13,6.0,11,-87,6515,191,D,
349,2020.02.14,,09.44.50,39,LTE,-92,-13,6.0,11,-89,3687,80,D,
350,2020.02.14,,09.44.51,39,LTE,-89,-13,6.0,6,-89,5101,79,D,
351,2020.02.14,,09.44.52,39,LTE,-89,-13,6.0,6,-87,3603,58,D,
352,2020.02.14,,09.44.53,39,LTE,-87,-13,8.0,11,-83,4833,95,D,
353,2020.02.14,,09.44.54,39,LTE,-87,-13,8.0,11,-87,4136,65,D,
354,2020.02.14,,09.44.56,39,LTE,-87,-13,8.0,12,-85,6878,100,D,
355,2020.02.14,,09.44.57,39,LTE,-87,-13,8.0,12,-87,8398,122,D,
356,2020.02.14,,09.44.58,45,LTE,-87,-13,8.0,12,-83,8398,122,D,
357,2020.02.14,,09.44.58,45,LTE,-83,-12,11.0,15,-83,4712,98,D,
358,2020.02.14,,09.44.59,45,LTE,-83,-12,11.0,15,-89,5834,90,D,
361,2020.02.14,,09.45.01,45,LTE,-88,-13,7.0,12,-89,4016,108,D,
362,2020.02.14,,09.45.02,45,LTE,-90,-13,4.0,12,-93,8688,159,D,
363,2020.02.14,,09.45.04,45,LTE,-90,-13,4.0,12,-93,5295,122,D,
364,2020.02.14,,09.45.05,45,LTE,-92,-13,7.0,12,-93,7044,118,D,
365,2020.02.14,,09.45.06,45,LTE,-92,-13,7.0,12,-93,4819,91,D,
366,2020.02.14,,09.45.07,45,LTE,-94,-13,6.0,8,-97,5523,82,D,
367,2020.02.14,,09.45.08,35,LTE,-94,-13,6.0,8,-97,5523,82,D,
368,2020.02.14,,09.45.08,35,LTE,-94,-13,6.0,8,-95,7130,111,D,
369,2020.02.14,,09.45.09,35,LTE,-95,-13,6.0,8,-99,3724,62,D,
370,2020.02.14,,09.45.11,35,LTE,-95,-13,6.0,8,-99,3887,87,D,
371,2020.02.14,,09.45.12,35,LTE,-96,-14,2.0,7,-97,3191,68,D,
372,2020.02.14,,09.45.13,35,LTE,-96,-14,2.0,7,-93,2928,49,D,
373,2020.02.14,,09.45.14,35,LTE,-92,-13,3.0,7,-93,189,2,D,
374,2020.02.14,,09.45.15,35,LTE,-92,-13,3.0,7,-93,189,2,D,
375,2020.02.14,,09.45.15,35,LTE,-92,-13,3.0,7,-93,1378,55,D,
376,2020.02.14,,09.45.17,35,LTE,-83,-15,0.0,6,-83,4028,199,D,
377,2020.02.14,,09.45.18,40,LTE,-83,-15,0.0,6,-83,4028,199,D,
378,2020.02.14,,09.45.18,40,LTE,-83,-15,0.0,6,-83,4905,99,D,
379,2020.02.14,,09.45.19,40,LTE,-81,-13,-2.0,7,-81,4553,90,D,
380,2020.02.14,,09.45.20,40,LTE,-81,-13,-2.0,7,-81,7296,125,D,
381,2020.02.14,,09.45.21,40,LTE,-84,-14,-1.0,7,-85,4689,95,D,
382,2020.02.14,,09.45.22,40,LTE,-84,-14,-1.0,7,-81,9200,149,D,
383,2020.02.14,,09.45.24,40,LTE,-78,-10,3.0,7,-79,7994,139,D,
384,2020.02.14,,09.45.25,40,LTE,-77,-9,6.0,9,-79,8759,136,D,
385,2020.02.14,,09.45.26,40,LTE,-77,-9,6.0,9,-81,6226,120,D,
386,2020.02.14,,09.45.27,44,LTE,-80,-9,10.0,8,-81,5814,74,D,
387,2020.02.14,,09.45.28,44,LTE,-80,-9,10.0,8,-81,466,10,D,
388,2020.02.14,,09.45.28,44,LTE,-80,-9,10.0,8,-81,466,10,D,
389,2020.02.14,,09.45.30,44,LTE,-80,-13,10.0,8,-79,5900,196,D,
390,2020.02.14,,09.45.31,44,LTE,-80,-13,10.0,8,-77,9971,136,D,
391,2020.02.14,,09.45.32,44,LTE,-76,-9,11.0,13,-79,6894,108,D,
392,2020.02.14,,09.45.33,44,LTE,-76,-9,11.0,13,-77,7247,133,D,
393,2020.02.14,,09.45.34,44,LTE,-76,-12,12.0,11,-79,5741,108,D,
394,2020.02.14,,09.45.35,48,LTE,-76,-12,12.0,11,-79,5741,108,D,
395,2020.02.14,,09.45.35,48,LTE,-76,-12,12.0,11,-81,3214,70,D,
396,2020.02.14,,09.45.37,48,LTE,-80,-12,8.0,8,-83,6329,101,D,
397,2020.02.14,,09.45.38,48,LTE,-80,-12,8.0,8,-81,6497,119,D,
398,2020.02.14,,09.45.39,48,LTE,-80,-13,6.0,7,-75,6521,107,D,
399,2020.02.14,,09.45.40,48,LTE,-80,-13,6.0,7,-75,4724,78,D,
400,2020.02.14,,09.45.41,48,LTE,-76,-11,6.0,9,-73,2847,37,D,
403,2020.02.14,,09.45.43,41,LTE,-76,-11,6.0,9,-75,6463,197,D,
404,2020.02.14,,09.45.44,41,LTE,-74,-9,7.0,15,-75,6463,197,D,
405,2020.02.14,,09.45.45,41,LTE,-74,-9,7.0,15,-77,9844,123,D,
406,2020.02.14,,09.45.46,41,LTE,-76,-11,6.0,9,-81,9464,128,D,
407,2020.02.14,,09.45.47,41,LTE,-76,-11,6.0,9,-81,8476,125,D,
408,2020.02.14,,09.45.48,41,LTE,-83,-14,3.0,8,-83,6388,102,D,
409,2020.02.14,,09.45.50,41,LTE,-83,-14,3.0,8,-83,7027,92,D,
410,2020.02.14,,09.45.51,41,LTE,-83,-14,1.0,7,-83,8616,132,D,
411,2020.02.14,,09.45.52,41,LTE,-83,-14,1.0,7,-83,6537,117,D,
412,2020.02.14,,09.45.53,43,LTE,-83,-14,1.0,7,-83,6537,117,D,
413,2020.02.14,,09.45.53,43,LTE,-82,-13,2.0,7,-83,7888,140,D,
414,2020.02.14,,09.45.55,43,LTE,-82,-13,2.0,7,-81,5253,83,D,
415,2020.02.14,,09.45.55,43,LTE,-81,-14,2.0,9,-81,1651,27,D,
416,2020.02.14,,09.45.56,43,LTE,-81,-14,2.0,9,-81,1651,27,D,
418,2020.02.14,,09.45.58,43,LTE,-84,-16,-5.0,5,-87,1956,71,D,
419,2020.02.14,,09.45.59,43,LTE,-84,-16,-5.0,5,-91,2941,110,D,
420,2020.02.14,,09.46.00,43,LTE,-90,-17,-6.0,4,-91,4011,108,D,
421,2020.02.14,,09.46.01,43,LTE,-90,-17,-6.0,4,-91,3062,54,D,
422,2020.02.14,,09.46.02,43,LTE,-89,-16,-6.0,6,-91,4615,83,D,
423,2020.02.14,,09.46.03,30,LTE,-89,-16,-6.0,6,-91,4615,83,D,
424,2020.02.14,,09.46.04,30,LTE,-89,-16,-6.0,6,-93,3073,56,D,
425,2020.02.14,,09.46.05,30,LTE,-88,-16,-6.0,5,-93,1274,21,D,
426,2020.02.14,,09.46.06,30,LTE,-88,-16,-6.0,5,-107,22,1,D,
427,2020.02.14,,09.46.07,30,LTE,-89,-16,-7.0,6,-97,9697,58,D,
430,2020.02.14,,09.46.11,30,LTE,-87,-14,-8.0,5,-91,393,19,D,
431,2020.02.14,,09.46.12,30,LTE,-85,-14,-3.0,9,-83,2947,105,D,
432,2020.02.14,,09.46.13,30,LTE,-85,-14,-3.0,9,-85,7078,176,D,
433,2020.02.14,,09.46.14,30,LTE,-84,-12,1.0,7,-85,7179,116,D,
434,2020.02.14,,09.46.15,27,LTE,-84,-12,1.0,7,-85,7179,116,D,
435,2020.02.14,,09.46.16,27,LTE,-84,-12,1.0,7,-89,2491,44,D,
436,2020.02.14,,09.46.17,27,LTE,-88,-13,1.0,8,-85,8295,128,D,
437,2020.02.14,,09.46.18,27,LTE,-88,-13,1.0,8,-85,4763,79,D,
438,2020.02.14,,09.46.19,27,LTE,-84,-13,6.0,8,-85,5425,89,D,
439,2020.02.14,,09.46.20,27,LTE,-84,-13,6.0,8,-85,3884,65,D,
440,2020.02.14,,09.46.21,27,LTE,-85,-12,6.0,8,-85,2703,42,D,
441,2020.02.14,,09.46.23,27,LTE,-85,-12,6.0,8,-85,3765,98,D,
442,2020.02.14,,09.46.24,27,LTE,-85,-13,4.0,7,-81,733,16,D,
443,2020.02.14,,09.46.24,27,LTE,-85,-13,4.0,7,-81,733,16,D,
444,2020.02.14,,09.46.25,27,LTE,-85,-13,4.0,7,-81,2001,74,D,
445,2020.02.14,,09.46.26,27,LTE,-83,-12,7.0,6,-83,5587,177,D,
446,2020.02.14,,09.46.27,29,LTE,-83,-12,7.0,6,-83,5587,177,D,
447,2020.02.14,,09.46.27,29,LTE,-83,-12,7.0,6,-81,7401,125,D,
448,2020.02.14,,09.46.28,29,LTE,-86,-12,5.0,6,-87,5781,100,D,
449,2020.02.14,,09.46.30,29,LTE,-86,-12,5.0,6,-81,4896,85,D,
450,2020.02.14,,09.46.31,29,LTE,-79,-12,5.0,9,-79,4007,97,D,
451,2020.02.14,,09.46.32,29,LTE,-79,-12,5.0,9,-79,4499,79,D,
452,2020.02.14,,09.46.33,29,LTE,-79,-12,8.0,9,-79,6469,108,D,
453,2020.02.14,,09.46.34,29,LTE,-79,-12,8.0,9,-79,5503,91,D,
454,2020.02.14,,09.46.37,29,LTE,-81,-13,8.0,8,-79,5762,90,D,
457,2020.02.14,,09.46.39,29,LTE,-77,-9,8.0,8,-79,4165,129,D,
458,2020.02.14,,09.46.40,29,LTE,-77,-11,9.0,9,-79,5067,119,D,
459,2020.02.14,,09.46.41,29,LTE,-77,-11,9.0,9,-79,7714,125,D,
460,2020.02.14,,09.46.42,22,LTE,-77,-11,9.0,9,-75,7714,125,D,
461,2020.02.14,,09.46.43,22,LTE,-75,-11,10.0,10,-73,9687,144,D,
462,2020.02.14,,09.46.44,22,LTE,-75,-11,10.0,10,-73,10146,143,D,
463,2020.02.14,,09.46.45,22,LTE,-66,-10,16.0,13,-67,12034,150,D,
464,2020.02.14,,09.46.46,22,LTE,-66,-10,16.0,13,-69,12972,126,D,
465,2020.02.14,,09.46.47,22,LTE,-68,-8,20.0,15,-69,13195,141,D,
466,2020.02.14,,09.46.48,22,LTE,-68,-8,20.0,15,-65,13618,146,D,
467,2020.02.14,,09.46.51,22,LTE,-64,-7,19.0,11,-65,10900,82,D,
468,2020.02.14,,09.46.52,22,LTE,-63,-11,22.0,12,-65,962,15,D,
469,2020.02.14,,09.46.52,22,LTE,-63,-11,22.0,12,-65,962,15,D,
470,2020.02.14,,09.46.53,22,LTE,-63,-11,22.0,12,-65,6456,202,D,
471,2020.02.14,,09.46.54,22,LTE,-65,-10,21.0,10,-65,11921,126,D,
472,2020.02.14,,09.46.55,25,LTE,-65,-10,21.0,10,-69,10838,112,D,
473,2020.02.14,,09.46.56,25,LTE,-65,-10,21.0,10,-69,10838,112,D,
474,2020.02.14,,09.46.57,25,LTE,-69,-9,19.0,10,-67,32800,359,D,
475,2020.02.14,,09.46.58,25,LTE,-69,-9,19.0,10,-67,34208,381,D,
476,2020.02.14,,09.46.59,25,LTE,-66,-11,17.0,11,-67,29922,380,D,
477,2020.02.14,,09.47.00,25,LTE,-66,-11,17.0,11,-65,25514,238,D,
478,2020.02.14,,09.47.01,25,LTE,-64,-11,19.0,10,-65,28677,275,D,
479,2020.02.14,,09.47.03,25,LTE,-64,-11,19.0,10,-63,33899,277,D,
480,2020.02.14,,09.47.05,25,LTE,-62,-9,20.0,11,-61,15262,113,D,
483,2020.02.14,,09.47.07,25,LTE,-61,-11,15.0,14,-55,10667,216,D,
484,2020.02.14,,09.47.08,25,LTE,-54,-8,20.0,11,-55,12189,93,D,
485,2020.02.14,,09.47.10,25,LTE,-54,-8,20.0,11,-51,11566,112,D,
486,2020.02.14,,09.47.11,25,LTE,-51,-6,21.0,13,-55,9816,82,D,
487,2020.02.14,,09.47.12,25,LTE,-51,-6,21.0,13,-57,9816,82,D,
488,2020.02.14,,09.47.12,25,LTE,-51,-6,21.0,13,-57,11365,101,D,
489,2020.02.14,,09.47.13,25,LTE,-58,-8,20.0,9,-59,18016,194,D,
490,2020.02.14,,09.47.14,25,LTE,-58,-8,20.0,9,-61,20391,209,D,
491,2020.02.14,,09.47.16,25,LTE,-61,-10,23.0,10,-63,21390,242,D,
492,2020.02.14,,09.47.17,25,LTE,-61,-10,23.0,10,-67,21255,295,D,
493,2020.02.14,,09.47.19,25,LTE,-68,-12,14.0,5,-71,5973,60,D,
494,2020.02.14,,09.47.20,25,LTE,-68,-12,14.0,5,-71,5973,60,D,
495,2020.02.14,,09.47.20,25,LTE,-71,-10,19.0,9,-71,1001,34,D,
496,2020.02.14,,09.47.21,25,LTE,-71,-10,19.0,9,-71,8074,177,D,
497,2020.02.14,,09.47.23,25,LTE,-71,-13,7.0,6,-69,9902,144,D,
498,2020.02.14,,09.47.24,25,LTE,-71,-13,7.0,6,-73,6539,95,D,
499,2020.02.14,,09.47.25,25,LTE,-67,-9,7.0,12,-67,10062,117,D,
500,2020.02.14,,09.47.26,25,LTE,-67,-9,7.0,12,-63,9224,150,D,
501,2020.02.14,,09.47.27,25,LTE,-60,-11,8.0,10,-61,9966,126,D,
502,2020.02.14,,09.47.29,25,LTE,-60,-11,8.0,10,-61,11967,107,D,
503,2020.02.14,,09.47.30,25,LTE,-60,-7,16.0,12,-59,12033,96,D,
504,2020.02.14,,09.47.31,25,LTE,-60,-7,16.0,12,-59,12136,96,D,
505,2020.02.14,,09.47.32,25,LTE,-60,-7,16.0,12,-61,12071,119,D,
506,2020.02.14,,09.47.32,25,LTE,-60,-8,20.0,6,-61,12071,119,D,
510,2020.02.14,,09.47.34,20,LTE,-63,-9,11.0,13,-65,3968,105,D,
511,2020.02.14,,09.47.36,20,LTE,-63,-9,11.0,13,-71,11014,145,D,
512,2020.02.14,,09.47.37,20,LTE,-70,-9,15.0,10,-75,10221,155,D,
513,2020.02.14,,09.47.38,20,LTE,-70,-9,15.0,10,-75,10923,122,D,
514,2020.02.14,,09.47.39,20,LTE,-71,-10,10.0,13,-75,9626,138,D,
515,2020.02.14,,09.47.40,20,LTE,-71,-10,10.0,13,-79,7581,121,D,
516,2020.02.14,,09.47.41,20,LTE,-78,-12,8.0,12,-75,10039,149,D,
517,2020.02.14,,09.47.43,20,LTE,-78,-12,8.0,12,-77,9644,149,D,
518,2020.02.14,,09.47.44,20,LTE,-76,-10,8.0,15,-81,6817,106,D,
519,2020.02.14,,09.47.45,20,LTE,-76,-10,8.0,15,-81,5002,87,D,
520,2020.02.14,,09.47.46,20,LTE,-86,-14,0.0,8,-83,3817,59,D,
521,2020.02.14,,09.47.47,20,LTE,-86,-14,0.0,8,-83,604,16,D,
522,2020.02.14,,09.47.48,20,LTE,-86,-14,0.0,8,-83,604,16,D,
523,2020.02.14,,09.47.48,20,LTE,-86,-14,-5.0,6,-85,3131,118,D,
524,2020.02.14,,09.47.50,20,LTE,-86,-14,-5.0,6,-85,2839,104,D,
525,2020.02.14,,09.47.51,20,LTE,-86,-17,-5.0,5,-85,3195,66,D,
526,2020.02.14,,09.47.52,20,LTE,-86,-17,-5.0,5,-85,4536,81,D,
527,2020.02.14,,09.47.53,28,LTE,-86,-17,-5.0,5,-85,4536,81,D,
528,2020.02.14,,09.47.53,28,LTE,-82,-12,-2.0,6,-83,3961,66,D,
530,2020.02.14,,09.47.56,28,LTE,-81,-13,0.0,8,-75,13885,72,D,
531,2020.02.14,,09.47.57,28,LTE,-81,-13,0.0,8,-75,17380,78,D,
532,2020.02.14,,09.47.58,28,LTE,-80,-12,8.0,10,-75,18953,63,D,
533,2020.02.14,,09.47.59,28,LTE,-80,-12,8.0,10,-77,18377,76,D,
534,2020.02.14,,09.48.00,28,LTE,-82,-12,1.0,8,-81,10332,35,D,
537,2020.02.14,,09.48.03,28,LTE,-81,-12,0.0,8,-77,19665,201,D,
538,2020.02.14,,09.48.04,28,LTE,-81,-12,0.0,8,-73,22741,73,D,
539,2020.02.14,,09.48.05,28,LTE,-77,-11,10.0,14,-75,67016,175,D,
540,2020.02.14,,09.48.06,28,LTE,-77,-11,10.0,14,-75,114536,188,D,
541,2020.02.14,,09.48.07,28,LTE,-79,-13,2.0,6,-77,127966,200,D,
542,2020.02.14,,09.48.10,25,LTE,-80,-13,6.0,7,-77,110256,198,D,
543,2020.02.14,,09.48.11,25,LTE,-80,-13,6.0,7,-83,109725,189,D,
544,2020.02.14,,09.48.12,25,LTE,-76,-13,9.0,13,-81,114000,202,D,
545,2020.02.14,,09.48.14,25,LTE,-77,-14,1.0,10,-85,61571,70,D,
546,2020.02.14,,09.48.15,25,LTE,-77,-14,1.0,10,-89,61571,70,D,
547,2020.02.14,,09.48.16,25,LTE,-77,-14,1.0,10,-89,2640,47,D,
548,2020.02.14,,09.48.17,25,LTE,-79,-15,-2.0,5,-87,30617,138,D,
549,2020.02.14,,09.48.18,25,LTE,-79,-15,-2.0,5,-91,29957,76,D,
550,2020.02.14,,09.48.19,25,LTE,-78,-15,-4.0,4,-91,31491,83,D,
551,2020.02.14,,09.48.20,25,LTE,-78,-15,-4.0,4,-85,10499,43,D,
552,2020.02.14,,09.48.22,25,LTE,-77,-14,2.0,5,-87,17046,64,D,
553,2020.02.14,,09.48.23,25,LTE,-77,-14,2.0,5,-83,21464,74,D,
554,2020.02.14,,09.48.24,25,LTE,-76,-13,1.0,8,-81,22056,76,D,
555,2020.02.14,,09.48.25,16,LTE,-76,-13,1.0,8,-81,22056,76,D,
556,2020.02.14,,09.48.25,16,LTE,-76,-13,1.0,8,-81,23304,80,D,
557,2020.02.14,,09.48.26,16,LTE,-80,-15,-6.0,4,-81,23974,78,D,
558,2020.02.14,,09.48.27,16,LTE,-80,-15,-6.0,4,-89,23974,78,D,
559,2020.02.14,,09.48.27,16,LTE,-80,-15,-6.0,4,-89,2053,17,D,
562,2020.02.14,,09.48.30,16,LTE,-78,-15,0.0,7,-89,3735,65,D,
563,2020.02.14,,09.48.31,16,LTE,-81,-15,-2.0,3,-87,18370,115,D,
564,2020.02.14,,09.48.32,16,LTE,-81,-15,-2.0,3,-87,19498,76,D,
565,2020.02.14,,09.48.33,16,LTE,-80,-16,-2.0,6,-87,20637,84,D,
566,2020.02.14,,09.48.34,16,LTE,-80,-16,-2.0,6,-87,21225,81,D,
567,2020.02.14,,09.48.36,16,LTE,-80,-15,2.0,6,-87,20584,85,D,
568,2020.02.14,,09.48.37,16,LTE,-80,-15,2.0,6,-87,21326,76,D,
569,2020.02.14,,09.48.38,16,LTE,-79,-15,-1.0,6,-87,81609,226,D,
570,2020.02.14,,09.48.39,16,LTE,-79,-15,-1.0,6,-87,105782,211,D,
571,2020.02.14,,09.48.40,16,LTE,-79,-14,-1.0,6,-87,119616,327,D,
572,2020.02.14,,09.48.42,16,LTE,-79,-14,-1.0,6,-87,121502,183,D,
576,2020.02.14,,09.48.45,16,LTE,-80,-16,-2.0,6,-87,20542,222,D,
577,2020.02.14,,09.48.46,16,LTE,-80,-16,-2.0,6,-87,23473,88,D,
578,2020.02.14,,09.48.48,16,LTE,-80,-15,-2.0,8,-87,22671,86,D,
579,2020.02.14,,09.48.49,16,LTE,-80,-15,-2.0,8,-87,65133,212,D,
580,2020.02.14,,09.48.50,16,LTE,-79,-15,0.0,6,-87,134901,217,D,
581,2020.02.14,,09.48.51,16,LTE,-79,-15,0.0,6,-87,114207,296,D,
582,2020.02.14,,09.48.52,16,LTE,-80,-14,2.0,8,-87,145379,252,D,
583,2020.02.14,,09.48.53,16,LTE,-80,-14,2.0,8,-87,138324,305,D,
584,2020.02.14,,09.48.56,16,LTE,-77,-13,0.0,8,-87,55941,122,D,
587,2020.02.14,,09.48.58,16,LTE,-79,-15,-1.0,6,-87,20568,192,D,
588,2020.02.14,,09.48.59,16,LTE,-79,-16,-1.0,6,-87,23194,85,D,
589,2020.02.14,,09.49.01,16,LTE,-79,-16,-1.0,6,-87,22679,77,D,
590,2020.02.14,,09.49.02,16,LTE,-79,-15,-1.0,6,-87,22801,76,D,
591,2020.02.14,,09.49.03,16,LTE,-79,-15,-1.0,6,-87,22812,78,D,
592,2020.02.14,,09.49.04,16,LTE,-79,-15,-2.0,6,-87,35461,128,D,
593,2020.02.14,,09.49.05,16,LTE,-79,-15,-2.0,6,-87,116144,229,D,
594,2020.02.14,,09.49.07,16,LTE,-80,-15,-2.0,6,-87,141254,274,D,
595,2020.02.14,,09.49.08,16,LTE,-80,-15,-2.0,6,-87,125273,467,D,
596,2020.02.14,,09.49.10,16,LTE,-80,-16,0.0,6,-87,20483,31,D,
597,2020.02.14,,09.49.11,16,LTE,-80,-16,0.0,6,-87,20483,31,D,
598,2020.02.14,,09.49.11,16,LTE,-80,-15,3.0,8,-87,3597,67,D,
599,2020.02.14,,09.49.12,16,LTE,-80,-15,3.0,8,-87,73519,278,D,
600,2020.02.14,,09.49.14,16,LTE,-80,-16,-2.0,6,-87,124989,223,D,
601,2020.02.14,,09.49.15,16,LTE,-80,-16,-2.0,6,-87,110969,231,D,
602,2020.02.14,,09.49.16,16,LTE,-79,-15,-3.0,6,-87,131004,248,D,
603,2020.02.14,,09.49.17,16,LTE,-79,-15,-3.0,6,-87,137330,543,D,
604,2020.02.14,,09.49.18,16,LTE,-80,-15,-2.0,4,-87,140292,246,D,
605,2020.02.14,,09.49.19,16,LTE,-80,-15,-2.0,4,-87,137899,327,D,
606,2020.02.14,,09.49.21,16,LTE,-80,-15,3.0,9,-87,139482,248,D,
607,2020.02.14,,09.49.22,16,LTE,-80,-15,3.0,9,-87,127829,426,D,
608,2020.02.14,,09.49.23,16,LTE,-79,-15,-3.0,6,-87,114499,222,D,
609,2020.02.14,,09.49.24,16,LTE,-79,-15,-3.0,6,-87,7580,16,D,
610,2020.02.14,,09.49.25,16,LTE,-79,-15,-3.0,6,-87,7580,16,D,
611,2020.02.14,,09.49.25,16,LTE,-77,-14,-2.0,5,-87,8926,141,D,
612,2020.02.14,,09.49.27,16,LTE,-77,-14,-2.0,5,-87,21227,79,D,
613,2020.02.14,,09.49.28,16,LTE,-79,-16,-6.0,6,-93,22851,84,D,
614,2020.02.14,,09.49.29,16,LTE,-79,-16,-6.0,6,-85,21431,77,D,
615,2020.02.14,,09.49.30,16,LTE,-83,-16,-5.0,4,-79,12432,52,D,
616,2020.02.14,,09.49.31,16,LTE,-83,-16,-5.0,4,-79,1295,26,D,
617,2020.02.14,,09.49.33,16,LTE,-78,-13,0.0,10,-83,14566,75,D,
618,2020.02.14,,09.49.34,16,LTE,-78,-13,0.0,10,-79,17818,62,D,
619,2020.02.14,,09.49.35,16,LTE,-79,-11,0.0,7,-83,19746,76,D,
620,2020.02.14,,09.49.36,16,LTE,-79,-11,0.0,7,-85,18837,73,D,
621,2020.02.14,,09.49.37,16,LTE,-81,-13,-5.0,5,-81,12716,46,D,
624,2020.02.14,,09.49.39,16,LTE,-79,-10,3.0,7,-85,16958,178,D,
625,2020.02.14,,09.49.41,16,LTE,-79,-10,3.0,7,-87,24768,58,D,
626,2020.02.14,,09.49.42,16,LTE,-80,-10,1.0,10,-87,23192,69,D,
627,2020.02.14,,09.49.43,16,LTE,-80,-10,1.0,10,-87,24213,79,D,
628,2020.02.14,,09.49.44,16,LTE,-80,-10,0.0,8,-87,24301,69,D,
629,2020.02.14,,09.49.45,16,LTE,-80,-10,0.0,8,-87,56335,168,D,
630,2020.02.14,,09.49.46,16,LTE,-80,-10,0.0,9,-87,157158,199,D,
631,2020.02.14,,09.49.48,16,LTE,-80,-10,0.0,9,-87,164058,213,D,
632,2020.02.14,,09.49.49,16,LTE,-80,-9,0.0,7,-87,158499,195,D,
633,2020.02.14,,09.49.51,16,LTE,-80,-10,-1.0,5,-87,103243,127,D,
636,2020.02.14,,09.49.53,16,LTE,-80,-10,0.0,10,-87,18958,213,D,
637,2020.02.14,,09.49.55,16,LTE,-80,-10,0.0,10,-87,79840,199,D,
638,2020.02.14,,09.49.56,16,LTE,-80,-13,-2.0,5,-87,149332,175,D,
639,2020.02.14,,09.49.57,16,LTE,-80,-13,-2.0,5,-87,277228,221,D,
640,2020.02.14,,09.49.58,16,LTE,-82,-13,-1.0,6,-87,335495,358,D,
641,2020.02.14,,09.49.59,16,LTE,-82,-13,-1.0,6,-87,372533,264,D,
642,2020.02.14,,09.50.00,16,LTE,-82,-11,0.0,9,-87,342788,250,D,
643,2020.02.14,,09.50.02,16,LTE,-82,-11,0.0,9,-87,346863,246,D,
644,2020.02.14,,09.50.03,16,LTE,-82,-12,0.0,9,-87,346672,243,D,
645,2020.02.14,,09.50.05,16,LTE,-82,-12,0.0,9,-87,211599,149,D,
648,2020.02.14,,09.50.07,16,LTE,-82,-13,0.0,9,-87,16743,198,D,
649,2020.02.14,,09.50.08,16,LTE,-82,-13,0.0,9,-87,21046,71,D,
650,2020.02.14,,09.50.10,16,LTE,-80,-10,-2.0,9,-87,19729,65,D,
651,2020.02.14,,09.50.11,16,LTE,-80,-10,-2.0,9,-87,20875,69,D,
652,2020.02.14,,09.50.12,16,LTE,-80,-11,-1.0,5,-87,15935,78,D,
653,2020.02.14,,09.50.13,16,LTE,-80,-11,-1.0,5,-87,18817,73,D,
654,2020.02.14,,09.50.14,16,LTE,-80,-12,-2.0,10,-87,18480,87,D,
655,2020.02.14,,09.50.16,16,LTE,-80,-12,-2.0,10,-87,18961,74,D,
656,2020.02.14,,09.50.17,16,LTE,-80,-12,-2.0,5,-87,19584,70,D,
657,2020.02.14,,09.50.19,16,LTE,-80,-11,0.0,5,-87,6756,32,D,
658,2020.02.14,,09.50.20,16,LTE,-80,-11,0.0,5,-87,6756,32,D,
660,2020.02.14,,09.50.22,16,LTE,-80,-10,-3.0,8,-87,19168,142,D,
661,2020.02.14,,09.50.23,16,LTE,-80,-10,-3.0,8,-87,21578,71,D,
662,2020.02.14,,09.50.24,16,LTE,-80,-11,-3.0,9,-87,114357,248,D,
663,2020.02.14,,09.50.25,16,LTE,-80,-11,-3.0,9,-87,331805,284,D,
664,2020.02.14,,09.50.26,16,LTE,-82,-12,-1.0,9,-87,314270,189,D,
665,2020.02.14,,09.50.27,16,LTE,-82,-12,-1.0,9,-87,339860,216,D,
666,2020.02.14,,09.50.28,16,LTE,-82,-14,-2.0,9,-87,354326,213,D,
667,2020.02.14,,09.50.29,16,LTE,-82,-14,-2.0,9,-87,323811,638,D,
668,2020.02.14,,09.50.31,16,LTE,-82,-14,-2.0,9,-87,325610,193,D,
669,2020.02.14,,09.50.33,16,LTE,-82,-13,0.0,9,-87,138145,79,D,
670,2020.02.14,,09.50.34,16,LTE,-82,-13,0.0,9,-87,138145,79,D,
672,2020.02.14,,09.50.35,16,LTE,-82,-13,0.0,9,-87,28213,202,D,
673,2020.02.14,,09.50.36,16,LTE,-82,-13,0.0,9,-87,122595,428,D,
674,2020.02.14,,09.50.38,16,LTE,-80,-11,-3.0,9,-87,144282,235,D,
675,2020.02.14,,09.50.39,16,LTE,-80,-11,-3.0,9,-87,155063,247,D,
676,2020.02.14,,09.50.40,16,LTE,-80,-10,0.0,9,-87,166994,239,D,
677,2020.02.14,,09.50.41,16,LTE,-80,-10,0.0,9,-87,166594,244,D,
678,2020.02.14,,09.50.42,16,LTE,-80,-10,0.0,9,-87,169434,257,D,
679,2020.02.14,,09.50.43,16,LTE,-80,-10,0.0,9,-87,176042,258,D,
680,2020.02.14,,09.50.45,16,LTE,-80,-12,-1.0,9,-87,170769,244,D,
681,2020.02.14,,09.50.47,16,LTE,-82,-13,0.0,9,-87,70174,27,D,
682,2020.02.14,,09.50.48,16,LTE,-82,-13,0.0,9,-87,70174,27,D,
683,2020.02.14,,09.50.48,16,LTE,-82,-13,0.0,9,-87,1740,40,D,
684,2020.02.14,,09.50.49,16,LTE,-80,-11,-2.0,9,-87,20725,155,D,
685,2020.02.14,,09.50.51,16,LTE,-80,-11,-2.0,9,-87,21021,79,D,
686,2020.02.14,,09.50.52,16,LTE,-80,-11,0.0,9,-87,20786,64,D,
687,2020.02.14,,09.50.53,16,LTE,-80,-11,0.0,9,-87,21734,70,D,
688,2020.02.14,,09.50.54,16,LTE,-80,-11,-1.0,9,-87,21398,71,D,
689,2020.02.14,,09.50.55,16,LTE,-80,-11,-1.0,9,-87,81669,189,D,
690,2020.02.14,,09.50.56,16,LTE,-80,-11,0.0,9,-87,202645,235,D,
691,2020.02.14,,09.50.58,16,LTE,-80,-11,0.0,9,-87,299087,218,D,
692,2020.02.14,,09.50.59,16,LTE,-82,-11,-1.0,9,-87,305541,243,D,
695,2020.02.14,,09.51.02,16,LTE,-82,-12,-1.0,9,-87,7942,127,D,
696,2020.02.14,,09.51.03,16,LTE,-80,-12,-1.0,7,-87,23549,75,D,
697,2020.02.14,,09.51.05,16,LTE,-80,-12,-1.0,7,-87,23188,70,D,
698,2020.02.14,,09.51.06,16,LTE,-80,-13,-1.0,9,-87,24006,66,D,
699,2020.02.14,,09.51.07,16,LTE,-80,-13,-1.0,9,-87,23808,69,D,
700,2020.02.14,,09.51.08,16,LTE,-80,-11,-2.0,8,-87,23949,62,D,
701,2020.02.14,,09.51.09,16,LTE,-80,-11,-2.0,8,-87,23252,67,D,
702,2020.02.14,,09.51.11,16,LTE,-80,-10,0.0,9,-87,23923,69,D,
703,2020.02.14,,09.51.12,16,LTE,-80,-10,0.0,9,-87,23462,65,D,
704,2020.02.14,,09.51.13,16,LTE,-83,-14,-3.0,6,-87,22503,74,D,
705,2020.02.14,,09.51.14,16,LTE,-83,-14,-3.0,6,-83,14584,44,D,
708,2020.02.14,,09.51.16,16,LTE,-82,-15,-6.0,8,-85,17597,216,D,
709,2020.02.14,,09.51.18,16,LTE,-78,-14,-4.0,5,-79,7369,23,D,
710,2020.02.14,,09.51.19,25,LTE,-78,-14,-4.0,5,-79,7369,23,D,
711,2020.02.14,,09.51.19,25,LTE,-78,-14,-4.0,5,-91,3470,30,D,
712,2020.02.14,,09.51.20,25,LTE,-78,-14,-2.0,6,-89,12488,60,D,
713,2020.02.14,,09.51.22,25,LTE,-78,-14,-2.0,6,-89,20041,120,D,
714,2020.02.14,,09.51.23,25,LTE,-76,-12,-4.0,6,-81,22,9,D,
715,2020.02.14,,09.51.24,25,LTE,-76,-12,-4.0,6,-81,13915,115,D,
716,2020.02.14,,09.51.25,25,LTE,-77,-13,1.0,7,-81,21919,158,D,
717,2020.02.14,,09.51.26,25,LTE,-77,-13,1.0,7,-83,29689,165,D,
718,2020.02.14,,09.51.27,25,LTE,-79,-14,-3.0,5,-79,38646,180,D,
719,2020.02.14,,09.51.28,25,LTE,-79,-14,-3.0,5,-79,38646,180,D,
723,2020.02.14,,09.51.30,43,LTE,-78,-13,9.0,9,-77,21038,195,D,
724,2020.02.14,,09.51.31,43,LTE,-78,-13,9.0,9,-77,172005,188,D,
725,2020.02.14,,09.51.32,43,LTE,-86,-15,0.0,7,-77,176487,233,D,
726,2020.02.14,,09.51.33,43,LTE,-86,-15,0.0,7,-77,161007,188,D,
727,2020.02.14,,09.51.34,43,LTE,-87,-15,-2.0,6,-83,41913,140,D,
728,2020.02.14,,09.51.36,43,LTE,-87,-15,-2.0,6,-83,48232,188,D,
729,2020.02.14,,09.51.37,43,LTE,-87,-15,-2.0,7,-83,33731,140,D,
730,2020.02.14,,09.51.38,47,LTE,-87,-15,-2.0,7,-81,33731,140,D,
731,2020.02.14,,09.51.38,47,LTE,-87,-15,-2.0,7,-81,49529,215,D,
732,2020.02.14,,09.51.39,47,LTE,-85,-13,0.0,9,-81,69109,235,D,
733,2020.02.14,,09.51.40,47,LTE,-85,-13,0.0,9,-77,39586,183,D,
734,2020.02.14,,09.51.41,47,LTE,-85,-12,0.0,8,-81,69413,221,D,
735,2020.02.14,,09.51.43,47,LTE,-85,-12,0.0,8,-79,27272,199,D,
736,2020.02.14,,09.51.43,47,LTE,-85,-12,0.0,8,-79,27272,199,D,
737,2020.02.14,,09.51.44,47,LTE,-84,-12,4.0,9,-79,6335,103,D,
738,2020.02.14,,09.51.45,47,LTE,-84,-12,4.0,9,-79,43578,232,D,
739,2020.02.14,,09.51.46,47,LTE,-84,-12,3.0,8,-79,54632,264,D,
740,2020.02.14,,09.51.47,47,LTE,-84,-12,3.0,8,-79,45393,200,D,
741,2020.02.14,,09.51.48,47,LTE,-83,-12,4.0,9,-79,50756,176,D,
742,2020.02.14,,09.51.50,47,LTE,-83,-12,4.0,9,-81,59301,207,D,
743,2020.02.14,,09.51.51,47,LTE,-85,-13,3.0,5,-79,57382,181,D,
744,2020.02.14,,09.51.52,47,LTE,-85,-13,3.0,5,-79,55658,188,D,
745,2020.02.14,,09.51.53,47,LTE,-84,-13,3.0,9,-79,58465,218,D,
746,2020.02.14,,09.51.54,47,LTE,-84,-13,3.0,9,-79,49019,170,D,
747,2020.02.14,,09.51.55,47,LTE,-85,-13,3.0,9,-79,52551,185,D,
750,2020.02.14,,09.51.58,47,LTE,-85,-12,3.0,9,-79,9816,183,D,
751,2020.02.14,,09.51.59,47,LTE,-85,-12,3.0,9,-79,17110,97,D,
752,2020.02.14,,09.52.00,47,LTE,-84,-10,3.0,9,-79,16134,100,D,
753,2020.02.14,,09.52.01,47,LTE,-84,-10,3.0,9,-79,20118,121,D,
754,2020.02.14,,09.52.02,47,LTE,-86,-12,3.0,8,-79,56736,245,D,
755,2020.02.14,,09.52.04,47,LTE,-86,-12,3.0,8,-81,67728,225,D,
756,2020.02.14,,09.52.05,47,LTE,-84,-13,3.0,9,-81,69105,233,D,
757,2020.02.14,,09.52.06,47,LTE,-84,-13,3.0,9,-79,83054,229,D,
758,2020.02.14,,09.52.07,47,LTE,-85,-13,1.0,9,-79,87247,244,D,
759,2020.02.14,,09.52.08,47,LTE,-85,-13,1.0,9,-79,83586,310,D,
760,2020.02.14,,09.52.09,47,LTE,-84,-13,2.0,6,-79,66659,363,D,
763,2020.02.14,,09.52.12,47,LTE,-86,-11,2.0,6,-79,10457,175,D,
764,2020.02.14,,09.52.13,47,LTE,-86,-11,2.0,6,-79,44802,213,D,
765,2020.02.14,,09.52.14,47,LTE,-84,-13,3.0,6,-79,69558,216,D,
766,2020.02.14,,09.52.15,47,LTE,-84,-13,3.0,6,-79,70800,218,D,
767,2020.02.14,,09.52.17,47,LTE,-84,-12,3.0,6,-79,94901,283,D,
768,2020.02.14,,09.52.18,47,LTE,-84,-12,3.0,6,-79,86228,229,D,
769,2020.02.14,,09.52.19,47,LTE,-83,-13,2.0,9,-79,82824,226,D,
770,2020.02.14,,09.52.20,47,LTE,-83,-13,2.0,9,-79,76444,208,D,
771,2020.02.14,,09.52.21,47,LTE,-86,-13,0.0,6,-79,36511,130,D,
772,2020.02.14,,09.52.22,47,LTE,-86,-13,0.0,6,-79,56228,191,D,
773,2020.02.14,,09.52.23,47,LTE,-85,-14,-1.0,6,-81,24623,117,D,
774,2020.02.14,,09.52.25,47,LTE,-85,-14,-1.0,6,-83,5741,71,D,
775,2020.02.14,,09.52.25,47,LTE,-85,-14,-1.0,6,-83,5741,71,D,
776,2020.02.14,,09.52.26,40,LTE,-85,-14,-1.0,6,-79,5741,71,D,
777,2020.02.14,,09.52.26,40,LTE,-80,-14,-11.0,6,-79,337,16,D,
778,2020.02.14,,09.52.27,40,LTE,-80,-14,-11.0,6,-79,3298,111,D,
779,2020.02.14,,09.52.28,40,5G,-79,-16,-1.0,10,-71,6424,151,D,
780,2020.02.14,,09.52.29,40,5G,-79,-16,-1.0,10,-73,11024,119,D,
781,2020.02.14,,09.52.30,40,5G,-72,-13,0.0,12,-73,3814,64,D,
782,2020.02.14,,09.52.32,40,5G,-72,-13,0.0,12,-71,4380,64,D,
783,2020.02.14,,09.52.33,40,5G,-72,-13,-4.0,11,-83,906,2,D,
784,2020.02.14,,09.52.34,40,5G,-72,-13,-4.0,11,-87,44,2,D,
785,2020.02.14,,09.52.35,40,5G,-72,-13,-4.0,11,-87,44,2,D,
786,2020.02.14,,09.52.35,40,5G,-75,-12,-1.0,8,-87,44,2,D,
787,2020.02.14,,09.52.36,40,5G,-75,-12,-1.0,8,-91,22625,185,D,
788,2020.02.14,,09.52.37,40,5G,-72,-13,2.0,9,-91,16189,69,D,
791,2020.02.14,,09.52.40,40,5G,-77,-12,-3.0,7,-89,1157,29,D,
792,2020.02.14,,09.52.41,40,5G,-77,-12,-3.0,7,-87,2300,45,D,
793,2020.02.14,,09.52.42,40,5G,-77,-13,1.0,12,-89,6825,127,D,
794,2020.02.14,,09.52.43,40,5G,-77,-13,1.0,12,-89,19659,115,D,
795,2020.02.14,,09.52.44,40,5G,-78,-13,8.0,12,-89,8950,71,D,
796,2020.02.14,,09.52.46,40,5G,-78,-13,8.0,12,-87,12322,68,D,
797,2020.02.14,,09.52.47,40,5G,-76,-14,7.0,8,-87,16191,101,D,
798,2020.02.14,,09.52.48,40,5G,-76,-14,7.0,8,-87,16160,120,D,
799,2020.02.14,,09.52.49,40,5G,-78,-13,4.0,7,-87,20629,141,D,
800,2020.02.14,,09.52.50,40,5G,-78,-13,4.0,7,-87,22475,131,D,
801,2020.02.14,,09.52.51,40,5G,-77,-13,5.0,7,-87,18739,106,D,
804,2020.02.14,,09.52.54,40,5G,-77,-13,1.0,5,-89,6673,127,D,
805,2020.02.14,,09.52.55,40,5G,-77,-13,1.0,5,-89,12363,133,D,
806,2020.02.14,,09.52.56,40,5G,-76,-14,1.0,10,-89,10267,64,D,
807,2020.02.14,,09.52.57,40,5G,-76,-14,1.0,10,-87,7049,41,D,
808,2020.02.14,,09.52.58,40,5G,-72,-13,5.0,7,-83,16906,82,D,
809,2020.02.14,,09.52.59,40,5G,-72,-13,5.0,7,-83,36656,113,D,
810,2020.02.14,,09.53.01,40,5G,-69,-13,9.0,10,-81,25915,53,D,
811,2020.02.14,,09.53.02,40,5G,-69,-13,9.0,10,-79,8100,193,D,
812,2020.02.14,,09.53.03,40,5G,-69,-14,11.0,11,-77,7416,129,D,
813,2020.02.14,,09.53.04,40,5G,-69,-14,11.0,11,-77,38456,160,D,
814,2020.02.14,,09.53.05,40,5G,-76,-14,-1.0,10,-87,28917,88,D,
815,2020.02.14,,09.53.06,40,5G,-76,-14,-1.0,10,-87,2579,3,D,
816,2020.02.14,,09.53.07,40,5G,-76,-14,-1.0,10,-87,2579,3,D,
817,2020.02.14,,09.53.08,40,5G,-77,-15,4.0,8,-87,11737,195,D,
818,2020.02.14,,09.53.09,40,5G,-77,-15,4.0,8,-87,2502,18,D,
819,2020.02.14,,09.53.10,40,5G,-78,-15,3.0,8,-89,33,1,D,
820,2020.02.14,,09.53.11,40,5G,-78,-15,3.0,8,-89,16559,86,D,
821,2020.02.14,,09.53.12,40,5G,-79,-14,0.0,3,-89,18056,89,D,
822,2020.02.14,,09.53.14,40,5G,-79,-14,0.0,3,-89,14217,105,D,
823,2020.02.14,,09.53.15,40,5G,-78,-15,-1.0,7,-89,14613,94,D,
824,2020.02.14,,09.53.16,40,5G,-78,-15,-1.0,7,-89,12039,107,D,
825,2020.02.14,,09.53.17,40,5G,-79,-15,-1.0,6,-89,13081,108,D,
826,2020.02.14,,09.53.18,40,5G,-79,-15,-1.0,6,-87,28786,175,D,
827,2020.02.14,,09.53.19,40,5G,-77,-15,3.0,8,-87,18931,121,D,
830,2020.02.14,,09.53.22,40,5G,-80,-15,-1.0,6,-95,12145,220,D,
831,2020.02.14,,09.53.23,40,5G,-80,-15,-1.0,6,-95,8982,85,D,
832,2020.02.14,,09.53.24,40,5G,-79,-15,-6.0,11,-95,6456,57,D,
833,2020.02.14,,09.53.25,40,5G,-79,-15,-6.0,11,-95,10776,80,D,
834,2020.02.14,,09.53.26,40,LTE,-80,-17,-7.0,5,-95,7754,78,D,
835,2020.02.14,,09.53.27,40,LTE,-80,-17,-7.0,5,-77,8901,145,D,
836,2020.02.14,,09.53.28,29,LTE,-80,-17,-7.0,5,-77,8901,145,D,
837,2020.02.14,,09.53.29,29,LTE,-76,-14,-5.0,7,-77,15503,193,D,
838,2020.02.14,,09.53.30,29,LTE,-76,-14,-5.0,7,-73,20514,252,D,
839,2020.02.14,,09.53.31,29,LTE,-73,-13,1.0,9,-71,12148,170,D,
840,2020.02.14,,09.53.33,29,LTE,-68,-12,6.0,9,-69,4378,63,D,
843,2020.02.14,,09.53.36,29,LTE,-76,-14,4.0,9,-73,2872,106,D,
844,2020.02.14,,09.53.37,47,LTE,-76,-14,4.0,9,-73,2872,106,D,
845,2020.02.14,,09.53.37,47,LTE,-76,-14,4.0,9,-73,1632,60,D,
846,2020.02.14,,09.53.38,47,LTE,-73,-16,-4.0,6,-73,2545,90,D,
847,2020.02.14,,09.53.39,47,LTE,-73,-16,-4.0,6,-73,3917,59,D,
848,2020.02.14,,09.53.40,47,LTE,-68,-15,-5.0,9,-69,4515,65,D,
849,2020.02.14,,09.53.41,47,LTE,-68,-15,-5.0,9,-69,7551,124,D,
850,2020.02.14,,09.53.42,47,LTE,-71,-18,-4.0,7,-71,771,26,D,
851,2020.02.14,,09.53.44,47,LTE,-71,-18,-4.0,7,-71,1665,75,D,
852,2020.02.14,,09.53.45,50,LTE,-71,-18,-4.0,7,-73,1588,29,D,
853,2020.02.14,,09.53.45,50,LTE,-74,-15,-4.0,6,-73,1588,29,D,
854,2020.02.14,,09.53.47,50,LTE,-66,-12,-4.0,9,-71,3504,75,D,
857,2020.02.14,,09.53.49,50,LTE,-67,-14,0.0,7,-67,3024,107,D,
858,2020.02.14,,09.53.50,50,LTE,-67,-14,0.0,7,-67,3504,123,D,
859,2020.02.14,,09.53.52,50,LTE,-69,-14,0.0,6,-79,2056,53,D,
860,2020.02.14,,09.53.53,53,LTE,-69,-14,0.0,6,-83,2056,53,D,
861,2020.02.14,,09.53.53,53,LTE,-69,-14,0.0,6,-83,1888,34,D,
862,2020.02.14,,09.53.54,53,LTE,-83,-17,-5.0,4,-83,33,1,D,
866,2020.02.14,,09.53.58,53,LTE,-68,-13,3.0,6,-79,78,3,D,
867,2020.02.14,,09.53.59,53,LTE,-68,-13,3.0,6,-75,5490,97,D,
868,2020.02.14,,09.54.01,57,LTE,-74,-15,2.0,8,-77,5305,95,D,
871,2020.02.14,,09.54.03,57,LTE,-74,-14,1.0,5,-77,3425,121,D,
872,2020.02.14,,09.54.04,57,LTE,-74,-14,1.0,5,-79,5865,161,D,
873,2020.02.14,,09.54.05,57,LTE,-79,-15,1.0,7,-77,4404,74,D,
874,2020.02.14,,09.54.06,57,LTE,-79,-15,1.0,7,-81,2694,49,D,
875,2020.02.14,,09.54.07,59,LTE,-79,-15,1.0,7,-83,2694,49,D,
876,2020.02.14,,09.54.07,59,LTE,-83,-18,-2.0,4,-83,1720,30,D,
877,2020.02.14,,09.54.09,59,LTE,-83,-18,-2.0,4,-83,3732,64,D,
878,2020.02.14,,09.54.10,59,LTE,-82,-16,-3.0,5,-81,2883,50,D,
879,2020.02.14,,09.54.11,59,LTE,-82,-16,-3.0,5,-83,2794,49,D,
880,2020.02.14,,09.54.12,59,5G,-76,-20,-5.0,6,-83,1251,24,D,
882,2020.02.14,,09.54.14,57,5G,-76,-20,-5.0,6,-83,22,1,D,
883,2020.02.14,,09.54.14,57,5G,-82,-18,-9.0,12,-77,22,1,D,
884,2020.02.14,,09.54.16,57,5G,-82,-18,-9.0,12,-77,24,2,D,
885,2020.02.14,,09.54.16,57,5G,-82,-18,-9.0,12,-77,24,2,D,
886,2020.02.14,,09.54.17,57,5G,-79,-13,-2.0,13,-75,8982,139,D,
887,2020.02.14,,09.54.18,57,5G,-79,-13,-2.0,13,-75,19637,89,D,
888,2020.02.14,,09.54.19,57,5G,-75,-12,4.0,15,-77,131112,277,D,
889,2020.02.14,,09.54.20,57,5G,-75,-12,4.0,15,-75,227560,305,D,
890,2020.02.14,,09.54.21,48,5G,-75,-12,4.0,15,-75,227560,305,D,
891,2020.02.14,,09.54.21,48,5G,-71,-13,7.0,12,-75,264338,226,D,
892,2020.02.14,,09.54.22,48,5G,-71,-13,7.0,12,-73,214030,226,D,
893,2020.02.14,,09.54.23,48,5G,-70,-10,5.0,14,-75,251456,237,D,
894,2020.02.14,,09.54.25,48,5G,-70,-10,5.0,14,-75,257950,225,D,
895,2020.02.14,,09.54.26,48,5G,-73,-9,6.0,15,-73,242078,217,D,
896,2020.02.14,,09.54.27,48,5G,-73,-9,6.0,15,-73,250804,221,D,
897,2020.02.14,,09.54.29,48,5G,-73,-9,9.0,15,-67,32101,28,D,
898,2020.02.14,,09.54.30,48,5G,-73,-9,9.0,15,-65,32101,28,D,
899,2020.02.14,,09.54.30,48,5G,-68,-10,1.0,12,-65,1690,33,D,
900,2020.02.14,,09.54.31,48,5G,-68,-10,1.0,12,-67,24414,118,D,
901,2020.02.14,,09.54.33,48,5G,-70,-8,11.0,15,-67,24003,67,D,
902,2020.02.14,,09.54.34,48,5G,-70,-8,11.0,15,-67,24048,60,D,
903,2020.02.14,,09.54.35,48,5G,-70,-8,6.0,12,-67,76519,157,D,
904,2020.02.14,,09.54.36,48,5G,-70,-8,6.0,12,-67,156025,212,D,
905,2020.02.14,,09.54.37,48,5G,-69,-9,8.0,15,-67,283323,254,D,
906,2020.02.14,,09.54.38,48,5G,-69,-9,8.0,15,-67,302978,185,D,
907,2020.02.14,,09.54.40,48,5G,-68,-16,3.0,15,-67,321223,268,D,
908,2020.02.14,,09.54.41,48,5G,-68,-16,3.0,15,-67,282260,236,D,
909,2020.02.14,,09.54.43,48,5G,-70,-9,6.0,15,-67,35035,19,D,
910,2020.02.14,,09.54.44,48,5G,-70,-9,6.0,15,-67,35035,19,D,
911,2020.02.14,,09.54.44,48,5G,-70,-8,5.0,10,-67,4585,78,D,
912,2020.02.14,,09.54.45,48,5G,-70,-8,5.0,10,-67,130493,260,D,
913,2020.02.14,,09.54.46,48,5G,-69,-8,7.0,12,-67,331135,299,D,
914,2020.02.14,,09.54.48,48,5G,-69,-8,7.0,12,-67,311919,178,D,
915,2020.02.14,,09.54.49,48,5G,-71,-13,6.0,12,-67,314370,312,D,
916,2020.02.14,,09.54.50,48,5G,-71,-13,6.0,12,-67,348843,204,D,
917,2020.02.14,,09.54.51,48,5G,-71,-14,4.0,9,-67,443024,227,D,
918,2020.02.14,,09.54.52,48,5G,-71,-14,4.0,9,-67,484565,229,D,
919,2020.02.14,,09.54.53,48,5G,-71,-13,4.0,12,-67,360997,338,D,
920,2020.02.14,,09.54.54,48,5G,-71,-13,4.0,12,-67,373179,190,D,
921,2020.02.14,,09.54.55,48,5G,-71,-12,4.0,11,-67,356113,188,D,
922,2020.02.14,,09.54.56,48,5G,-71,-12,4.0,11,-67,198401,102,D,
925,2020.02.14,,09.54.59,48,5G,-69,-7,7.0,12,-67,20336,205,D,
926,2020.02.14,,09.55.00,48,5G,-71,-8,11.0,10,-67,24599,66,D,
927,2020.02.14,,09.55.01,48,5G,-71,-8,11.0,10,-67,23901,71,D,
928,2020.02.14,,09.55.02,48,5G,-69,-11,8.0,11,-67,23249,69,D,
929,2020.02.14,,09.55.03,48,5G,-69,-11,8.0,11,-67,26619,73,D,
930,2020.02.14,,09.55.05,48,5G,-71,-8,11.0,10,-67,145677,263,D,
931,2020.02.14,,09.55.06,48,5G,-71,-8,11.0,10,-67,142466,201,D,
932,2020.02.14,,09.55.07,48,5G,-68,-8,7.0,11,-67,139479,206,D,
933,2020.02.14,,09.55.08,48,5G,-68,-8,7.0,11,-67,197276,298,D,
934,2020.02.14,,09.55.09,48,5G,-69,-10,0.0,11,-69,260274,254,D,
935,2020.02.14,,09.55.10,48,5G,-69,-10,0.0,11,-65,113853,88,D,
936,2020.02.14,,09.55.11,48,5G,-69,-10,0.0,11,-67,113853,88,D,
938,2020.02.14,,09.55.14,19,5G,-67,-9,12.0,12,-65,18271,82,D,
939,2020.02.14,,09.55.15,19,5G,-67,-9,12.0,12,-65,20427,78,D,
940,2020.02.14,,09.55.16,19,5G,-68,-10,9.0,12,-65,19233,135,D,
941,2020.02.14,,09.55.17,19,5G,-68,-10,9.0,12,-65,21677,73,D,
942,2020.02.14,,09.55.19,19,5G,-72,-9,-4.0,11,-63,19832,73,D,
943,2020.02.14,,09.55.20,19,5G,-72,-9,-4.0,11,-63,21885,74,D,
944,2020.02.14,,09.55.21,19,5G,-71,-7,14.0,11,-67,18838,72,D,
945,2020.02.14,,09.55.22,19,5G,-71,-7,14.0,11,-67,19270,79,D,
946,2020.02.14,,09.55.24,19,5G,-69,-9,5.0,13,-67,4437,14,D,
947,2020.02.14,,09.55.25,19,5G,-69,-9,5.0,13,-63,4437,14,D,
948,2020.02.14,,09.55.26,19,5G,-72,-12,-4.0,9,-63,768,16,D,
949,2020.02.14,,09.55.27,19,5G,-72,-12,-4.0,9,-65,23120,138,D,
950,2020.02.14,,09.55.28,19,5G,-73,-11,4.0,8,-63,119255,236,D,
951,2020.02.14,,09.55.29,19,5G,-73,-11,4.0,8,-65,133390,175,D,
952,2020.02.14,,09.55.30,19,5G,-67,-10,4.0,11,-69,142920,219,D,
953,2020.02.14,,09.55.31,19,5G,-67,-10,4.0,11,-63,140988,200,D,
954,2020.02.14,,09.55.33,44,5G,-67,-10,4.0,11,-61,151912,219,D,
955,2020.02.14,,09.55.33,44,5G,-60,-8,16.0,10,-61,151912,219,D,
956,2020.02.14,,09.55.34,44,5G,-60,-8,16.0,10,-59,155747,220,D,
957,2020.02.14,,09.55.35,44,5G,-53,-7,22.0,14,-59,128367,229,D,
958,2020.02.14,,09.55.36,44,5G,-53,-7,22.0,14,-61,133892,190,D,
959,2020.02.14,,09.55.38,44,5G,-56,-10,-2.0,15,-73,59741,37,D,
962,2020.02.14,,09.55.42,51,5G,-59,-8,20.0,15,-67,19822,70,D,
963,2020.02.14,,09.55.43,51,5G,-59,-8,20.0,15,-67,53633,167,D,
964,2020.02.14,,09.55.44,51,5G,-64,-8,20.0,15,-69,177308,290,D,
965,2020.02.14,,09.55.45,51,5G,-64,-8,20.0,15,-75,192589,227,D,
966,2020.02.14,,09.55.46,51,5G,-64,-8,14.0,15,-75,217359,220,D,
967,2020.02.14,,09.55.48,51,5G,-64,-8,14.0,15,-75,176141,215,D,
968,2020.02.14,,09.55.49,49,5G,-64,-8,14.0,15,-75,175397,241,D,
969,2020.02.14,,09.55.49,49,5G,-62,-7,23.0,15,-75,175397,241,D,
970,2020.02.14,,09.55.50,49,5G,-62,-7,23.0,15,-75,193786,258,D,
971,2020.02.14,,09.55.52,49,5G,-68,-12,27.0,15,-75,130686,208,D,
974,2020.02.14,,09.55.54,49,5G,-68,-13,23.0,14,-79,63987,326,D,
975,2020.02.14,,09.55.56,49,5G,-69,-12,24.0,15,-81,260064,397,D,
976,2020.02.14,,09.55.57,49,5G,-69,-12,24.0,15,-81,226166,249,D,
977,2020.02.14,,09.55.58,33,5G,-69,-12,24.0,15,-79,226166,249,D,
978,2020.02.14,,09.55.58,33,5G,-63,-9,26.0,15,-79,235364,211,D,
979,2020.02.14,,09.55.59,33,5G,-63,-9,26.0,15,-83,244274,200,D,
980,2020.02.14,,09.56.00,33,5G,-72,-8,20.0,15,-85,248309,202,D,
981,2020.02.14,,09.56.01,33,5G,-72,-8,20.0,15,-85,246780,204,D,
982,2020.02.14,,09.56.02,33,5G,-77,-9,4.0,13,-85,259361,212,D,
983,2020.02.14,,09.56.03,33,5G,-77,-9,4.0,13,-81,251722,205,D,
984,2020.02.14,,09.56.06,33,5G,-77,-9,19.0,15,-85,234187,170,D,
985,2020.02.14,,09.56.07,33,5G,-70,-9,19.0,12,-95,50887,7,D,
986,2020.02.14,,09.56.07,33,5G,-70,-9,19.0,12,-95,50887,7,D,
987,2020.02.14,,09.56.08,33,5G,-70,-9,19.0,12,-93,11265,164,D,
988,2020.02.14,,09.56.09,41,5G,-70,-9,19.0,12,-99,11265,164,D,
989,2020.02.14,,09.56.09,41,5G,-85,-10,0.0,11,-99,14337,65,D,
990,2020.02.14,,09.56.10,41,5G,-85,-10,0.0,11,-93,14262,58,D,
991,2020.02.14,,09.56.12,41,5G,-79,-15,9.0,9,-93,19724,79,D,
992,2020.02.14,,09.56.13,41,5G,-79,-15,9.0,9,-91,65438,207,D,
993,2020.02.14,,09.56.14,41,5G,-79,-14,3.0,8,-97,116194,217,D,
994,2020.02.14,,09.56.15,41,5G,-79,-14,3.0,8,-91,152165,221,D,
995,2020.02.14,,09.56.16,41,5G,-88,-16,-8.0,8,-91,180820,297,D,
996,2020.02.14,,09.56.17,41,5G,-88,-16,-8.0,8,-93,178678,247,D,
997,2020.02.14,,09.56.19,41,5G,-88,-16,-7.0,7,-93,156545,239,D,
998,2020.02.14,,09.56.20,41,5G,-88,-16,-7.0,7,-97,107961,182,D,
1001,2020.02.14,,09.56.22,41,5G,-85,-13,-4.0,11,-91,13694,223,D,
1002,2020.02.14,,09.56.23,41,5G,-86,-16,-3.0,10,-91,17107,83,D,
1003,2020.02.14,,09.56.24,41,5G,-86,-16,-3.0,10,-97,17494,57,D,
1004,2020.02.14,,09.56.26,41,5G,-77,-10,5.0,11,-93,81510,260,D,
1005,2020.02.14,,09.56.27,41,5G,-77,-10,5.0,11,-83,151149,242,D,
1006,2020.02.14,,09.56.28,41,5G,-89,-14,-4.0,12,-97,190290,282,D,
1007,2020.02.14,,09.56.29,41,5G,-89,-14,-4.0,12,-97,179104,230,D,
1008,2020.02.14,,09.56.30,41,5G,-92,-14,-3.0,10,-97,155944,230,D,
1009,2020.02.14,,09.56.31,41,5G,-92,-14,-3.0,10,-91,198028,248,D,
1010,2020.02.14,,09.56.32,29,5G,-92,-14,-3.0,10,-91,198028,248,D,
1011,2020.02.14,,09.56.33,29,5G,-85,-13,-1.0,10,-93,175962,200,D,
1012,2020.02.14,,09.56.34,29,5G,-85,-13,-1.0,10,-103,99871,114,D,
1013,2020.02.14,,09.56.35,29,5G,-85,-13,-1.0,10,-91,99871,114,D,
1014,2020.02.14,,09.56.35,29,LTE,-91,-9,-1.0,7,-91,114,8,D,
1015,2020.02.14,,09.56.36,29,LTE,-91,-9,-1.0,7,-87,13213,272,D,
1016,2020.02.14,,09.56.37,29,LTE,-89,-12,3.0,12,-89,12604,186,D,
1017,2020.02.14,,09.56.39,29,LTE,-89,-12,3.0,12,-77,15263,163,D,
1018,2020.02.14,,09.56.40,29,LTE,-77,-8,12.0,12,-77,11416,178,D,
1019,2020.02.14,,09.56.41,52,LTE,-77,-8,12.0,12,-77,11416,178,D,
1020,2020.02.14,,09.56.41,52,LTE,-77,-8,12.0,12,-77,5984,94,D,
1021,2020.02.14,,09.56.42,52,LTE,-76,-9,5.0,12,-77,4790,89,D,
1022,2020.02.14,,09.56.43,52,LTE,-76,-9,5.0,12,-77,5836,88,D,
1023,2020.02.14,,09.56.45,52,LTE,-76,-8,7.0,12,-77,6903,122,D,
1024,2020.02.14,,09.56.46,52,LTE,-76,-8,7.0,12,-83,6420,108,D,
1025,2020.02.14,,09.56.48,61,5G,-77,-16,-2.0,6,-97,1182,29,D,
1026,2020.02.14,,09.56.48,61,5G,-77,-16,-2.0,6,-97,1971,8,D,
1027,2020.02.14,,09.56.49,61,5G,-77,-16,-2.0,6,-103,1971,8,D,
1028,2020.02.14,,09.56.49,61,LTE,-79,-14,-2.0,5,-103,114,7,D,
1029,2020.02.14,,09.56.50,61,LTE,-79,-14,-2.0,5,-79,1340,50,D,
1030,2020.02.14,,09.56.52,61,5G,-83,-13,2.0,6,-81,928,36,D,
1031,2020.02.14,,09.56.53,61,5G,-83,-13,2.0,6,-103,465,14,D,
1032,2020.02.14,,09.56.54,61,5G,-83,-13,2.0,6,-103,465,14,D,
1033,2020.02.14,,09.56.54,61,LTE,-86,-13,-14.0,6,-91,1396,54,D,
1034,2020.02.14,,09.56.55,61,LTE,-86,-13,-14.0,6,-95,1531,58,D,
1035,2020.02.14,,09.56.56,61,LTE,-95,-10,0.0,7,-85,1364,51,D,
1036,2020.02.14,,09.56.58,61,LTE,-95,-10,0.0,7,-83,1173,44,D,
1037,2020.02.14,,09.56.59,61,LTE,-82,-7,7.0,15,-91,2510,82,D,
1038,2020.02.14,,09.57.00,61,LTE,-90,-13,4.0,8,-97,1329,35,D,
1039,2020.02.14,,09.57.01,57,LTE,-90,-13,4.0,8,-93,1509,30,D,
1040,2020.02.14,,09.57.02,57,LTE,-94,-12,2.0,7,-93,11,0,D,
1041,2020.02.14,,09.57.03,57,LTE,-94,-12,2.0,7,-93,11,0,D,
1042,2020.02.14,,09.57.03,57,LTE,-94,-12,2.0,7,-97,3532,100,D,
1043,2020.02.14,,09.57.04,57,LTE,-91,-14,0.0,10,-91,4697,123,D,
1044,2020.02.14,,09.57.06,57,LTE,-91,-14,0.0,10,-93,5541,80,D,
1045,2020.02.14,,09.57.07,57,LTE,-94,-13,1.0,8,-93,14204,213,D,
1046,2020.02.14,,09.57.08,62,LTE,-94,-13,1.0,8,-91,14204,213,D,
1047,2020.02.14,,09.57.08,62,LTE,-94,-13,1.0,8,-91,7135,134,D,
1048,2020.02.14,,09.57.09,62,LTE,-92,-12,5.0,12,-93,5095,104,D,
1049,2020.02.14,,09.57.10,62,LTE,-92,-12,5.0,12,-89,6837,102,D,
1050,2020.02.14,,09.57.11,62,LTE,-86,-9,12.0,15,-87,7414,119,D,
1051,2020.02.14,,09.57.13,62,LTE,-86,-9,12.0,15,-83,7639,107,D,
1052,2020.02.14,,09.57.14,64,LTE,-86,-9,12.0,15,-81,7639,107,D,
1053,2020.02.14,,09.57.14,64,LTE,-80,-10,17.0,15,-81,10755,145,D,
1054,2020.02.14,,09.57.15,64,LTE,-80,-10,17.0,15,-81,8260,128,D,
1057,2020.02.14,,09.57.17,64,LTE,-80,-10,18.0,13,-79,2711,86,D,
1058,2020.02.14,,09.57.18,64,LTE,-80,-10,15.0,11,-81,22706,306,D,
1059,2020.02.14,,09.57.19,64,LTE,-80,-10,15.0,11,-83,20592,303,D,
1060,2020.02.14,,09.57.19,63,LTE,-80,-10,15.0,11,-83,20592,303,D,
1061,2020.02.14,,09.57.21,63,LTE,-87,-12,10.0,9,-87,31074,340,D,
1062,2020.02.14,,09.57.22,63,LTE,-87,-12,10.0,9,-89,9640,235,D,
1063,2020.02.14,,09.57.23,63,LTE,-92,-16,0.0,5,-95,8623,157,D,
1064,2020.02.14,,09.57.24,63,LTE,-92,-16,0.0,5,-95,8008,141,D,
1065,2020.02.14,,09.57.25,63,LTE,-88,-11,1.0,6,-87,9532,166,D,
1066,2020.02.14,,09.57.26,57,LTE,-88,-11,1.0,6,-85,9532,166,D,
1067,2020.02.14,,09.57.26,57,LTE,-88,-11,1.0,6,-85,7819,112,D,
1068,2020.02.14,,09.57.27,57,LTE,-85,-10,7.0,9,-85,6606,116,D,
1069,2020.02.14,,09.57.30,57,LTE,-83,-10,12.0,11,-81,602,9,D,
1070,2020.02.14,,09.57.30,57,LTE,-83,-10,12.0,11,-81,602,9,D,
1071,2020.02.14,,09.57.31,57,LTE,-84,-11,13.0,11,-81,1724,56,D,
1072,2020.02.14,,09.57.32,57,LTE,-84,-11,13.0,11,-81,14969,290,D,
1073,2020.02.14,,09.57.33,57,LTE,-83,-12,16.0,12,-83,10055,146,D,
1074,2020.02.14,,09.57.34,57,LTE,-83,-12,16.0,12,-81,9401,126,D,
1075,2020.02.14,,09.57.35,57,LTE,-81,-11,17.0,11,-81,4526,79,D,
1076,2020.02.14,,09.57.37,57,LTE,-81,-11,17.0,11,-81,12409,213,D,
1077,2020.02.14,,09.57.38,57,LTE,-81,-9,15.0,11,-81,8262,114,D,
1078,2020.02.14,,09.57.39,57,LTE,-81,-9,15.0,11,-81,4871,88,D,
1079,2020.02.14,,09.57.40,57,LTE,-82,-7,16.0,11,-81,1268,41,D,
1080,2020.02.14,,09.57.41,57,LTE,-82,-7,16.0,11,-83,614,17,D,
1081,2020.02.14,,09.57.44,57,LTE,-81,-8,14.0,15,-81,221,3,D,
1082,2020.02.14,,09.57.44,57,LTE,-81,-8,14.0,15,-81,221,3,D,
1083,2020.02.14,,09.57.45,57,LTE,-84,-9,12.0,10,-81,743,23,D,
1084,2020.02.14,,09.57.46,57,LTE,-84,-9,12.0,10,-81,16286,318,D,
1085,2020.02.14,,09.57.47,57,LTE,-81,-8,14.0,12,-81,11580,202,D,
1086,2020.02.14,,09.57.48,57,LTE,-81,-8,14.0,12,-81,6124,114,D,
1087,2020.02.14,,09.57.49,57,LTE,-81,-9,14.0,11,-81,3887,86,D,
1088,2020.02.14,,09.57.50,57,LTE,-81,-9,14.0,11,-81,3897,56,D,
1089,2020.02.14,,09.57.52,28,LTE,-81,-9,14.0,11,-81,11645,154,D,
1090,2020.02.14,,09.57.52,28,LTE,-80,-10,18.0,12,-81,11645,154,D,
1091,2020.02.14,,09.57.53,28,LTE,-80,-10,18.0,12,-79,30836,285,D,
1092,2020.02.14,,09.57.54,28,LTE,-79,-11,16.0,15,-79,28596,320,D,
1093,2020.02.14,,09.57.55,28,LTE,-79,-11,16.0,15,-79,33276,297,D,
1094,2020.02.14,,09.57.57,28,LTE,-78,-12,16.0,15,-83,2203,86,D,
1095,2020.02.14,,09.57.58,28,LTE,-78,-12,16.0,15,-83,2203,86,D,
1096,2020.02.14,,09.57.59,28,LTE,-81,-7,15.0,14,-81,781,29,D,
1097,2020.02.14,,09.58.00,28,LTE,-81,-7,15.0,14,-79,6035,161,D,
1098,2020.02.14,,09.58.01,47,LTE,-81,-7,15.0,14,-75,6035,161,D,
1099,2020.02.14,,09.58.01,47,LTE,-78,-9,16.0,12,-75,9811,115,D,
1100,2020.02.14,,09.58.02,47,LTE,-78,-9,16.0,12,-73,6491,109,D,
1101,2020.02.14,,09.58.03,47,LTE,-73,-9,15.0,11,-77,5824,81,D,
1102,2020.02.14,,09.58.04,47,LTE,-73,-9,15.0,11,-81,7000,87,D,
1103,2020.02.14,,09.58.05,47,LTE,-81,-8,15.0,12,-77,7243,103,D,
1104,2020.02.14,,09.58.06,47,LTE,-81,-8,15.0,12,-73,7995,120,D,
1105,2020.02.14,,09.58.08,47,LTE,-72,-8,17.0,15,-73,11102,135,D,
1106,2020.02.14,,09.58.09,46,LTE,-72,-8,17.0,15,-75,11102,135,D,
1107,2020.02.14,,09.58.09,46,LTE,-72,-8,17.0,15,-75,11084,148,D,
1108,2020.02.14,,09.58.11,46,LTE,-74,-9,18.0,12,-75,3415,61,D,
1109,2020.02.14,,09.58.12,46,LTE,-74,-9,18.0,12,-71,3415,61,D,
1110,2020.02.14,,09.58.12,46,LTE,-74,-7,17.0,15,-71,268,4,D,
1111,2020.02.14,,09.58.13,46,LTE,-74,-7,17.0,15,-75,21715,349,D,
1112,2020.02.14,,09.58.15,46,LTE,-77,-9,17.0,15,-79,32645,305,D,
1113,2020.02.14,,09.58.16,46,LTE,-77,-9,17.0,15,-79,22581,296,D,
1114,2020.02.14,,09.58.17,46,LTE,-78,-9,17.0,12,-79,13684,214,D,
1115,2020.02.14,,09.58.18,46,LTE,-78,-9,17.0,12,-75,4759,88,D,
1116,2020.02.14,,09.58.19,46,LTE,-75,-8,13.0,11,-79,6578,91,D,
1117,2020.02.14,,09.58.20,21,LTE,-75,-8,13.0,11,-73,6578,91,D,
1118,2020.02.14,,09.58.20,21,LTE,-75,-8,13.0,11,-73,6262,118,D,
1119,2020.02.14,,09.58.21,21,LTE,-74,-9,13.0,11,-73,5629,82,D,
1120,2020.02.14,,09.58.23,21,LTE,-74,-9,13.0,11,-75,6859,103,D,
1121,2020.02.14,,09.58.25,21,LTE,-75,-9,12.0,10,-87,3402,52,D,
1122,2020.02.14,,09.58.26,21,LTE,-75,-9,12.0,10,-87,3402,52,D,
1124,2020.02.14,,09.58.27,21,LTE,-84,-8,6.0,9,-87,8617,228,D,
1125,2020.02.14,,09.58.28,21,LTE,-87,-10,11.0,11,-89,10491,133,D,
1126,2020.02.14,,09.58.29,21,LTE,-87,-10,11.0,11,-89,10570,111,D,
1127,2020.02.14,,09.58.31,49,LTE,-87,-10,11.0,11,-91,9784,133,D,
1128,2020.02.14,,09.58.31,49,LTE,-91,-9,10.0,7,-91,9784,133,D,
1129,2020.02.14,,09.58.32,49,LTE,-91,-9,10.0,7,-93,4869,65,D,
1130,2020.02.14,,09.58.33,49,LTE,-94,-9,2.0,14,-93,7423,100,D,
1131,2020.02.14,,09.58.34,49,LTE,-94,-9,2.0,14,-93,5513,114,D,
1132,2020.02.14,,09.58.35,49,LTE,-94,-11,5.0,12,-97,2993,64,D,
1133,2020.02.14,,09.58.36,49,LTE,-94,-11,5.0,12,-97,2748,57,D,
1134,2020.02.14,,09.58.39,45,LTE,-98,-12,3.0,7,-99,5727,100,D,
1135,2020.02.14,,09.58.39,45,LTE,-98,-12,3.0,7,-99,2787,49,D,
1138,2020.02.14,,09.58.41,45,LTE,-100,-11,2.0,8,-97,5825,185,D,
1139,2020.02.14,,09.58.42,45,LTE,-99,-11,3.0,8,-97,5958,140,D,
1140,2020.02.14,,09.58.43,45,LTE,-99,-11,3.0,8,-97,6830,108,D,
1141,2020.02.14,,09.58.44,45,LTE,-97,-12,4.0,8,-97,5293,120,D,
1142,2020.02.14,,09.58.45,45,LTE,-97,-12,4.0,8,-97,3996,77,D,
1143,2020.02.14,,09.58.47,45,LTE,-95,-13,4.0,7,-97,5093,99,D,
1144,2020.02.14,,09.58.48,26,LTE,-95,-13,4.0,7,-93,5093,99,D,
1145,2020.02.14,,09.58.48,26,LTE,-95,-13,4.0,7,-93,4682,84,D,
1146,2020.02.14,,09.58.49,26,LTE,-92,-12,4.0,9,-93,8377,129,D,
1147,2020.02.14,,09.58.50,26,LTE,-92,-12,4.0,9,-93,8839,120,D,
1148,2020.02.14,,09.58.51,26,LTE,-93,-11,5.0,9,-93,8862,166,D,
1149,2020.02.14,,09.58.52,26,LTE,-93,-11,5.0,9,-93,4021,73,D,
1152,2020.02.14,,09.58.55,26,LTE,-92,-13,12.0,10,-93,4982,170,D,
1153,2020.02.14,,09.58.56,26,LTE,-93,-11,6.0,7,-93,9787,159,D,
1154,2020.02.14,,09.58.57,26,LTE,-93,-11,6.0,7,-93,10204,121,D,
1155,2020.02.14,,09.58.58,26,LTE,-94,-12,6.0,7,-93,9333,132,D,
1156,2020.02.14,,09.58.59,26,LTE,-94,-12,6.0,7,-93,10092,134,D,
1157,2020.02.14,,09.59.00,26,LTE,-93,-12,5.0,8,-93,7489,121,D,
1158,2020.02.14,,09.59.02,26,LTE,-93,-12,5.0,8,-91,9046,139,D,
1159,2020.02.14,,09.59.03,26,LTE,-93,-11,3.0,5,-93,9292,139,D,
1160,2020.02.14,,09.59.04,26,LTE,-93,-11,3.0,5,-93,8596,112,D,
1161,2020.02.14,,09.59.05,26,LTE,-93,-11,4.0,7,-97,7898,104,D,
1162,2020.02.14,,09.59.06,26,LTE,-93,-11,4.0,7,-97,5625,84,D,
1167,2020.02.14,,09.59.11,26,LTE,-100,-13,-6.0,8,-95,5353,186,D,
1168,2020.02.14,,09.59.12,26,LTE,-95,-12,4.0,11,-99,7423,138,D,
1169,2020.02.14,,09.59.13,41,LTE,-95,-12,4.0,11,-99,7423,138,D,
1170,2020.02.14,,09.59.13,41,LTE,-95,-12,4.0,11,-99,4803,84,D,
1171,2020.02.14,,09.59.14,41,LTE,-99,-13,5.0,11,-101,7646,118,D,
1172,2020.02.14,,09.59.15,41,LTE,-99,-13,5.0,11,-101,4730,75,D,
1173,2020.02.14,,09.59.16,41,LTE,-100,-14,1.0,8,-101,6467,111,D,
1174,2020.02.14,,09.59.18,41,LTE,-100,-14,1.0,8,-101,6876,107,D,
1175,2020.02.14,,09.59.19,41,LTE,-101,-14,1.0,7,-101,7641,137,D,
1176,2020.02.14,,09.59.20,41,LTE,-101,-14,1.0,7,-105,8441,126,D,
1177,2020.02.14,,09.59.21,41,LTE,-97,-10,2.0,6,-105,10518,164,D,
1178,2020.02.14,,09.59.22,41,LTE,-97,-10,2.0,6,-105,4253,52,D,
1179,2020.02.14,,09.59.23,41,LTE,-97,-10,2.0,6,-105,4253,52,D,
1182,2020.02.14,,09.59.25,51,LTE,-104,-10,4.0,6,-105,9076,240,D,
1183,2020.02.14,,09.59.26,51,LTE,-100,-9,-9.0,6,-101,5943,79,D,
1184,2020.02.14,,09.59.27,51,LTE,-100,-9,-9.0,6,-101,5153,87,D,
1185,2020.02.14,,09.59.28,51,LTE,-101,-10,-3.0,8,-101,10850,132,D,
1186,2020.02.14,,09.59.29,51,LTE,-101,-10,-3.0,8,-101,8591,133,D,
1187,2020.02.14,,09.59.30,51,LTE,-103,-13,2.0,8,-99,9016,135,D,
1188,2020.02.14,,09.59.31,58,LTE,-103,-13,2.0,8,-99,9016,135,D,
1189,2020.02.14,,09.59.32,58,LTE,-103,-13,2.0,8,-99,12979,196,D,
1190,2020.02.14,,09.59.33,58,LTE,-97,-12,4.0,8,-101,15972,212,D,
1191,2020.02.14,,09.59.34,58,LTE,-97,-12,4.0,8,-95,11129,195,D,
1192,2020.02.14,,09.59.35,58,LTE,-95,-11,6.0,9,-99,8574,153,D,
1193,2020.02.14,,09.59.36,58,LTE,-95,-11,6.0,9,-97,6880,81,D,
1194,2020.02.14,,09.59.37,58,LTE,-97,-13,4.0,8,-101,506,6,D,
1195,2020.02.14,,09.59.37,58,LTE,-97,-13,4.0,8,-101,506,6,D,
1196,2020.02.14,,09.59.38,59,LTE,-97,-13,4.0,8,-101,506,6,D,
1197,2020.02.14,,09.59.38,59,LTE,-97,-13,4.0,8,-97,6329,216,D,
1198,2020.02.14,,09.59.40,59,LTE,-96,-10,4.0,8,-97,10440,149,D,
1199,2020.02.14,,09.59.41,59,LTE,-96,-10,4.0,8,-101,9511,119,D,
1200,2020.02.14,,09.59.42,59,LTE,-92,-9,-1.0,6,-101,8409,139,D,
1201,2020.02.14,,09.59.43,59,LTE,-92,-9,-1.0,6,-103,8787,120,D,
1202,2020.02.14,,09.59.44,59,LTE,-92,-9,4.0,11,-93,11954,129,D,
1203,2020.02.14,,09.59.45,55,LTE,-92,-9,4.0,11,-93,11954,129,D,
1204,2020.02.14,,09.59.45,55,LTE,-92,-9,4.0,11,-97,9578,119,D,
1205,2020.02.14,,09.59.46,55,LTE,-97,-13,3.0,9,-97,8026,130,D,
1206,2020.02.14,,09.59.48,55,LTE,-97,-13,3.0,9,-101,8342,127,D,
1207,2020.02.14,,09.59.50,55,LTE,-101,-11,2.0,7,-101,7739,79,D,
1211,2020.02.14,,09.59.52,61,LTE,-100,-10,5.0,7,-105,5207,170,D,
1212,2020.02.14,,09.59.53,61,LTE,-100,-10,-7.0,6,-101,8557,121,D,
1213,2020.02.14,,09.59.54,61,LTE,-100,-10,-7.0,6,-99,10330,124,D,
1214,2020.02.14,,09.59.56,61,LTE,-99,-10,5.0,10,-103,7806,111,D,
1215,2020.02.14,,09.59.57,61,LTE,-99,-10,5.0,10,-111,5613,95,D,
1216,2020.02.14,,09.59.58,60,LTE,-99,-10,5.0,10,-111,5613,95,D,
1217,2020.02.14,,09.59.58,60,LTE,-108,-14,2.0,7,-107,3555,68,D,
1218,2020.02.14,,09.59.59,60,LTE,-108,-14,2.0,7,-107,6189,94,D,
1219,2020.02.14,,10.00.00,60,LTE,-106,-14,-1.0,10,-105,7718,122,D,
1220,2020.02.14,,10.00.01,60,LTE,-106,-14,-1.0,10,-105,8139,128,D,
1221,2020.02.14,,10.00.03,60,LTE,-105,-12,3.0,6,-105,7218,113,D,
1222,2020.02.14,,10.00.04,60,LTE,-105,-12,3.0,6,-103,7218,113,D,
1223,2020.02.14,,10.00.04,60,LTE,-105,-12,3.0,6,-99,6947,66,D,
1224,2020.02.14,,10.00.05,60,LTE,-103,-11,4.0,6,-105,1182,17,D,
1225,2020.02.14,,10.00.05,60,LTE,-103,-11,4.0,6,-105,1182,17,D,
1226,2020.02.14,,10.00.06,60,LTE,-103,-11,4.0,6,-105,5248,178,D,
1227,2020.02.14,,10.00.07,60,LTE,-105,-11,2.0,7,-105,8271,145,D,
1228,2020.02.14,,10.00.08,60,LTE,-105,-11,2.0,7,-107,7284,108,D,
1229,2020.02.14,,10.00.10,62,LTE,-107,-12,2.0,7,-107,6767,111,D,
1230,2020.02.14,,10.00.10,62,LTE,-107,-12,2.0,7,-107,6767,111,D,
1231,2020.02.14,,10.00.11,62,LTE,-107,-12,2.0,7,-107,7348,108,D,
1232,2020.02.14,,10.00.12,62,LTE,-108,-12,1.0,9,-113,5520,91,D,
1233,2020.02.14,,10.00.13,62,LTE,-108,-12,1.0,9,-113,1676,30,D,
1234,2020.02.14,,10.00.14,62,LTE,-113,-15,-1.0,4,-113,1238,21,D,
1235,2020.02.14,,10.00.15,62,LTE,-113,-15,-1.0,4,-113,44,2,D,
1236,2020.02.14,,10.00.15,66,LTE,-113,-15,-1.0,4,-113,44,2,D,
1237,2020.02.14,,10.00.16,66,LTE,-112,-19,-3.0,5,-113,1173,38,D,
1238,2020.02.14,,10.00.18,66,LTE,-112,-19,-3.0,5,-111,1442,31,D,
1241,2020.02.14,,10.00.20,66,LTE,-109,-18,-7.0,4,-109,1675,62,D,
1242,2020.02.14,,10.00.21,66,LTE,-109,-18,-7.0,4,-109,2180,79,D,
1243,2020.02.14,,10.00.22,62,LTE,-109,-18,-7.0,4,-109,2180,79,D,
1244,2020.02.14,,10.00.22,62,LTE,-109,-18,-7.0,6,-109,4313,124,D,
1245,2020.02.14,,10.00.23,62,LTE,-109,-18,-7.0,6,-107,4216,68,D,
1246,2020.02.14,,10.00.24,62,LTE,-106,-14,-5.0,6,-107,3541,61,D,
1247,2020.02.14,,10.00.26,62,LTE,-106,-14,-5.0,6,-107,3700,64,D,
1248,2020.02.14,,10.00.27,62,LTE,-106,-18,-6.0,4,-103,6421,103,D,
1249,2020.02.14,,10.00.28,62,LTE,-106,-18,-6.0,4,-105,8097,124,D,
1250,2020.02.14,,10.00.29,57,LTE,-106,-18,-6.0,4,-105,8097,124,D,
1251,2020.02.14,,10.00.29,57,LTE,-105,-14,-5.0,7,-107,9147,151,D,
1252,2020.02.14,,10.00.30,57,LTE,-105,-14,-5.0,7,-105,15261,217,D,
1253,2020.02.14,,10.00.31,57,LTE,-104,-13,0.0,9,-105,12965,202,D,
1256,2020.02.14,,10.00.34,57,LTE,-104,-13,-6.0,7,-105,2462,83,D,
1257,2020.02.14,,10.00.35,57,LTE,-104,-13,-6.0,7,-97,8390,181,D,
1258,2020.02.14,,10.00.36,55,LTE,-104,-13,-6.0,7,-105,8390,181,D,
1259,2020.02.14,,10.00.36,55,LTE,-97,-10,-1.0,6,-105,6865,111,D,
1260,2020.02.14,,10.00.37,55,LTE,-97,-10,-1.0,6,-111,7251,100,D,
1261,2020.02.14,,10.00.38,55,LTE,-110,-14,-2.0,8,-111,6436,106,D,
1262,2020.02.14,,10.00.39,55,LTE,-110,-14,-2.0,8,-111,5150,86,D,
1263,2020.02.14,,10.00.40,55,LTE,-109,-15,-5.0,7,-111,8087,154,D,
1264,2020.02.14,,10.00.42,55,LTE,-109,-15,-5.0,7,-111,9048,143,D,
1265,2020.02.14,,10.00.43,52,LTE,-109,-15,-5.0,7,-111,9048,143,D,
1266,2020.02.14,,10.00.43,52,LTE,-109,-13,-4.0,8,-111,8663,143,D,
1267,2020.02.14,,10.00.44,52,LTE,-109,-13,-4.0,8,-111,5738,105,D,
1268,2020.02.14,,10.00.45,52,LTE,-109,-13,-4.0,8,-101,963,22,D,
1269,2020.02.14,,10.00.45,52,5G,-107,-14,-7.0,7,-101,963,22,D,
1270,2020.02.14,,10.00.46,52,5G,-107,-14,-7.0,7,-107,635,17,D,
1271,2020.02.14,,10.00.47,52,5G,-107,-14,-7.0,7,-107,635,17,D,
1272,2020.02.14,,10.00.47,52,LTE,-106,-12,1.0,6,-105,2498,87,D,
1273,2020.02.14,,10.00.48,52,LTE,-106,-12,1.0,6,-107,4936,165,D,
1274,2020.02.14,,10.00.50,52,LTE,-106,-13,-1.0,7,-107,3202,72,D,
1275,2020.02.14,,10.00.51,46,LTE,-106,-13,-1.0,7,-109,3202,72,D,
1276,2020.02.14,,10.00.51,46,LTE,-106,-13,-1.0,7,-109,3551,81,D,
1277,2020.02.14,,10.00.52,46,LTE,-108,-13,-2.0,8,-103,4302,80,D,
1278,2020.02.14,,10.00.53,46,LTE,-108,-13,-2.0,8,-105,6618,112,D,
1279,2020.02.14,,10.00.54,46,LTE,-104,-13,1.0,7,-101,3617,74,D,
1280,2020.02.14,,10.00.55,46,LTE,-104,-13,1.0,7,-103,3869,63,D,
1281,2020.02.14,,10.00.57,46,LTE,-103,-12,3.0,11,-103,5391,101,D,
1282,2020.02.14,,10.00.58,46,LTE,-103,-12,3.0,11,-99,5281,90,D,
1283,2020.02.14,,10.00.59,46,LTE,-98,-11,2.0,7,-101,8478,125,D,
1286,2020.02.14,,10.01.01,46,LTE,-102,-11,8.0,7,-101,1840,66,D,
1287,2020.02.14,,10.01.02,46,LTE,-102,-11,8.0,7,-101,7017,214,D,
1288,2020.02.14,,10.01.03,46,LTE,-102,-12,5.0,6,-101,8143,141,D,
1289,2020.02.14,,10.01.05,46,LTE,-102,-12,5.0,6,-101,6987,111,D,
1290,2020.02.14,,10.01.06,46,LTE,-105,-13,2.0,9,-105,7791,139,D,
1291,2020.02.14,,10.01.07,46,LTE,-105,-13,2.0,9,-103,5466,109,D,
1292,2020.02.14,,10.01.08,46,LTE,-103,-12,3.0,8,-103,7569,126,D,
1293,2020.02.14,,10.01.09,46,LTE,-103,-12,3.0,8,-105,11249,170,D,
1294,2020.02.14,,10.01.10,46,LTE,-103,-13,2.0,7,-103,14228,211,D,
1295,2020.02.14,,10.01.12,46,LTE,-103,-13,2.0,7,-103,11793,178,D,
1296,2020.02.14,,10.01.13,46,LTE,-104,-13,3.0,5,-103,11220,197,D,
1297,2020.02.14,,10.01.14,46,LTE,-104,-13,3.0,5,-107,1479,18,D,
1298,2020.02.14,,10.01.14,46,LTE,-104,-13,3.0,5,-107,1479,18,D,
1299,2020.02.14,,10.01.15,46,LTE,-106,-10,-1.0,6,-107,2810,98,D,
1300,2020.02.14,,10.01.16,46,LTE,-106,-10,-1.0,6,-111,11255,234,D,
1301,2020.02.14,,10.01.17,46,LTE,-109,-14,-1.0,10,-111,8254,133,D,
1302,2020.02.14,,10.01.18,46,LTE,-109,-14,-1.0,10,-111,8934,165,D,
1303,2020.02.14,,10.01.20,50,LTE,-109,-14,-1.0,10,-111,9810,157,D,
1304,2020.02.14,,10.01.20,50,LTE,-111,-14,-2.0,8,-111,9810,157,D,
1305,2020.02.14,,10.01.21,50,LTE,-111,-14,-2.0,8,-111,8293,179,D,
1306,2020.02.14,,10.01.22,50,5G,-106,-12,-4.0,6,-103,18911,257,D,
1307,2020.02.14,,10.01.23,50,5G,-106,-12,-4.0,6,-107,3160,33,D,
1308,2020.02.14,,10.01.24,50,5G,-101,-9,11.0,8,-111,55625,168,D,
1309,2020.02.14,,10.01.25,50,5G,-101,-9,11.0,8,-113,121798,257,D,
1310,2020.02.14,,10.01.27,63,5G,-105,-12,3.0,7,-113,78714,191,D,
1311,2020.02.14,,10.01.28,63,5G,-105,-12,3.0,7,-113,13480,113,D,
1312,2020.02.14,,10.01.28,63,5G,-105,-12,3.0,7,-113,13480,113,D,
1314,2020.02.14,,10.01.30,63,LTE,-102,-8,-3.0,6,-101,843,28,D,
1315,2020.02.14,,10.01.31,63,LTE,-102,-8,5.0,12,-101,5232,171,D,
1316,2020.02.14,,10.01.32,61,LTE,-102,-8,5.0,12,-99,5232,171,D,
1317,2020.02.14,,10.01.32,61,LTE,-102,-8,5.0,12,-99,6222,185,D,
1318,2020.02.14,,10.01.33,61,LTE,-98,-10,6.0,12,-95,14284,212,D,
1319,2020.02.14,,10.01.35,61,LTE,-98,-10,6.0,12,-103,5270,78,D,
1320,2020.02.14,,10.01.36,61,LTE,-102,-7,5.0,15,-99,7010,88,D,
1321,2020.02.14,,10.01.37,61,LTE,-102,-7,5.0,15,-97,10872,137,D,
1322,2020.02.14,,10.01.38,61,LTE,-96,-8,9.0,15,-99,16034,248,D,
1323,2020.02.14,,10.01.39,60,LTE,-96,-8,9.0,15,-89,16034,248,D,
1324,2020.02.14,,10.01.39,60,LTE,-96,-8,9.0,15,-89,11958,153,D,
1325,2020.02.14,,10.01.40,60,LTE,-88,-9,4.0,15,-97,3033,53,D,
1326,2020.02.14,,10.01.42,60,LTE,-88,-9,4.0,15,-95,508,9,D,
1327,2020.02.14,,10.01.42,60,LTE,-88,-9,4.0,15,-95,508,9,D,
1328,2020.02.14,,10.01.43,60,5G,-96,-9,9.0,15,-95,12045,222,D,
1329,2020.02.14,,10.01.44,60,5G,-92,-8,13.0,13,-97,79847,175,D,
1330,2020.02.14,,10.01.45,58,5G,-92,-8,13.0,13,-97,79847,175,D,
1331,2020.02.14,,10.01.45,58,5G,-92,-8,13.0,13,-99,177102,234,D,
1332,2020.02.14,,10.01.46,58,5G,-86,-6,16.0,9,-93,152383,619,D,
1333,2020.02.14,,10.01.47,58,5G,-86,-6,16.0,9,-97,158113,251,D,
1334,2020.02.14,,10.01.49,58,5G,-97,-7,9.0,11,-99,142150,237,D,
1335,2020.02.14,,10.01.50,58,5G,-97,-7,9.0,11,-99,142615,243,D,
1336,2020.02.14,,10.01.51,58,5G,-96,-8,22.0,15,-101,130638,222,D,
1337,2020.02.14,,10.01.52,52,5G,-96,-8,22.0,15,-105,130638,222,D,
1338,2020.02.14,,10.01.52,52,5G,-96,-8,22.0,15,-105,158020,243,D,
1339,2020.02.14,,10.01.53,52,5G,-97,-8,16.0,11,-103,167336,266,D,
1340,2020.02.14,,10.01.54,52,5G,-97,-8,16.0,11,-103,139886,193,D,
1343,2020.02.14,,10.01.57,52,5G,-91,-8,20.0,12,-103,7478,159,D,
1344,2020.02.14,,10.01.58,52,5G,-100,-8,11.0,13,-99,50228,183,D,
1345,2020.02.14,,10.01.59,52,5G,-100,-8,11.0,13,-99,135823,268,D,
1346,2020.02.14,,10.02.00,52,5G,-101,-13,12.0,9,-99,154514,285,D,
1347,2020.02.14,,10.02.01,26,5G,-101,-13,12.0,9,-99,154514,285,D,
1348,2020.02.14,,10.02.01,26,5G,-101,-13,12.0,9,-97,119816,740,D,
1349,2020.02.14,,10.02.03,26,5G,-93,-8,19.0,11,-97,153948,244,D,
1350,2020.02.14,,10.02.04,26,5G,-93,-8,19.0,11,-91,167394,222,D,
1351,2020.02.14,,10.02.05,26,5G,-94,-7,12.0,11,-95,155100,277,D,
1352,2020.02.14,,10.02.06,26,5G,-94,-7,12.0,11,-99,143355,218,D,
1353,2020.02.14,,10.02.07,26,5G,-97,-10,14.0,8,-99,165278,241,D,
1354,2020.02.14,,10.02.08,26,5G,-97,-10,14.0,8,-101,135390,207,D,
1358,2020.02.14,,10.02.11,51,5G,-96,-10,5.0,12,-95,25342,269,D,
1359,2020.02.14,,10.02.12,51,5G,-82,-9,19.0,15,-87,126161,218,D,
1360,2020.02.14,,10.02.13,51,5G,-82,-9,19.0,15,-79,166606,285,D,
1361,2020.02.14,,10.02.14,51,5G,-83,-10,14.0,6,-85,111295,693,D,
1362,2020.02.14,,10.02.15,51,5G,-83,-10,14.0,6,-81,174944,242,D,
1363,2020.02.14,,10.02.16,51,5G,-81,-10,5.0,15,-89,169150,283,D,
1364,2020.02.14,,10.02.17,53,5G,-81,-10,5.0,15,-93,110488,169,D,
1365,2020.02.14,,10.02.18,53,5G,-81,-10,5.0,15,-93,110488,169,D,
1366,2020.02.14,,10.02.19,53,5G,-90,-10,5.0,13,-89,164833,231,D,
1367,2020.02.14,,10.02.20,53,5G,-90,-10,5.0,13,-89,169382,216,D,
1368,2020.02.14,,10.02.21,53,5G,-88,-9,6.0,13,-95,152535,217,D,
1369,2020.02.14,,10.02.22,53,5G,-88,-9,6.0,13,-91,127047,183,D,
1372,2020.02.14,,10.02.26,48,5G,-86,-10,0.0,11,-87,129947,202,D,
1373,2020.02.14,,10.02.27,48,5G,-86,-10,0.0,11,-85,170582,241,D,
1374,2020.02.14,,10.02.28,48,5G,-82,-7,10.0,11,-85,168880,622,D,
1375,2020.02.14,,10.02.29,48,5G,-82,-7,10.0,11,-81,166528,227,D,
1376,2020.02.14,,10.02.30,48,5G,-79,-9,13.0,13,-87,175726,209,D,
1377,2020.02.14,,10.02.32,48,5G,-79,-9,13.0,13,-81,157870,211,D,
1378,2020.02.14,,10.02.33,48,5G,-74,-7,15.0,15,-81,157100,206,D,
1379,2020.02.14,,10.02.33,47,5G,-74,-7,15.0,15,-79,157100,206,D,
1380,2020.02.14,,10.02.34,47,5G,-74,-7,15.0,15,-79,152660,197,D,
1381,2020.02.14,,10.02.35,47,5G,-76,-6,4.0,12,-81,149978,226,D,
1382,2020.02.14,,10.02.36,47,5G,-76,-6,4.0,12,-79,111655,149,D,
1385,2020.02.14,,10.02.39,47,5G,-74,-6,27.0,15,-83,65622,309,D,
1386,2020.02.14,,10.02.40,47,5G,-71,-7,13.0,15,-79,150011,185,D,
1387,2020.02.14,,10.02.41,47,5G,-71,-7,13.0,15,-77,163537,284,D,
1388,2020.02.14,,10.02.41,52,5G,-71,-7,13.0,15,-79,163537,284,D,
1389,2020.02.14,,10.02.42,52,5G,-74,-7,23.0,13,-79,150386,501,D,
1390,2020.02.14,,10.02.43,52,5G,-74,-7,23.0,13,-83,161694,215,D,
1391,2020.02.14,,10.02.44,52,5G,-81,-7,12.0,12,-103,159520,221,D,
1392,2020.02.14,,10.02.46,52,5G,-81,-7,12.0,12,-103,149495,220,D,
1393,2020.02.14,,10.02.47,52,5G,-92,-8,1.0,9,-99,155640,193,D,
1394,2020.02.14,,10.02.48,52,5G,-92,-8,1.0,9,-97,166545,214,D,
1395,2020.02.14,,10.02.49,52,5G,-92,-8,1.0,9,-97,166545,214,D,
1396,2020.02.14,,10.02.50,52,5G,-87,-7,4.0,14,-97,152659,105,D,
1399,2020.02.14,,10.02.52,52,5G,-86,-7,9.0,11,-91,35908,286,D,
1400,2020.02.14,,10.02.54,52,5G,-89,-9,2.0,10,-93,133325,231,D,
1401,2020.02.14,,10.02.55,52,5G,-89,-9,2.0,10,-91,164147,244,D,
1402,2020.02.14,,10.02.55,56,5G,-89,-9,2.0,10,-91,164147,244,D,
1403,2020.02.14,,10.02.56,56,5G,-85,-7,1.0,10,-91,147889,561,D,
1404,2020.02.14,,10.02.57,56,5G,-85,-7,1.0,10,-85,155157,189,D,
1405,2020.02.14,,10.02.58,56,5G,-78,-6,12.0,14,-89,158113,210,D,
1406,2020.02.14,,10.02.59,56,5G,-78,-6,12.0,14,-89,156456,232,D,
1407,2020.02.14,,10.03.01,56,5G,-79,-8,20.0,14,-89,130420,214,D,
1408,2020.02.14,,10.03.02,56,5G,-79,-8,20.0,14,-101,142621,211,D,
1409,2020.02.14,,10.03.03,56,5G,-79,-8,20.0,14,-101,142621,211,D,
1410,2020.02.14,,10.03.04,56,5G,-95,-10,2.0,14,-105,84664,110,D,
1413,2020.02.14,,10.03.06,56,5G,-90,-12,-6.0,6,-105,15937,266,D,
1414,2020.02.14,,10.03.08,56,5G,-92,-8,7.0,14,-105,76996,212,D,
1415,2020.02.14,,10.03.09,56,5G,-92,-8,7.0,14,-105,159574,237,D,
1416,2020.02.14,,10.03.10,60,5G,-92,-8,7.0,14,-99,159574,237,D,
1417,2020.02.14,,10.03.10,60,5G,-98,-12,-5.0,14,-99,160686,311,D,
1418,2020.02.14,,10.03.11,60,5G,-98,-12,-5.0,14,-93,105207,425,D,
1419,2020.02.14,,10.03.12,60,5G,-86,-9,-2.0,6,-93,105299,146,D,
1420,2020.02.14,,10.03.13,60,5G,-86,-9,-2.0,6,-99,168238,240,D,
1421,2020.02.14,,10.03.14,60,5G,-88,-9,11.0,9,-99,158275,219,D,
1422,2020.02.14,,10.03.16,60,5G,-88,-9,11.0,9,-107,136243,202,D,
1423,2020.02.14,,10.03.17,58,5G,-88,-9,11.0,9,-107,136243,202,D,
1424,2020.02.14,,10.03.18,58,5G,-92,-16,7.0,13,-111,79240,206,D,
1425,2020.02.14,,10.03.19,58,5G,-90,-16,10.0,13,-109,2812,51,D,
1426,2020.02.14,,10.03.19,58,5G,-90,-16,10.0,13,-109,2812,51,D,
1427,2020.02.14,,10.03.20,58,5G,-90,-16,10.0,13,-109,21288,293,D,
1428,2020.02.14,,10.03.21,58,5G,-92,-11,10.0,15,-109,13064,131,D,
1429,2020.02.14,,10.03.23,58,5G,-92,-11,10.0,15,-109,10357,99,D,
1430,2020.02.14,,10.03.24,59,5G,-92,-11,10.0,15,-109,10357,99,D,
1431,2020.02.14,,10.03.24,59,5G,-91,-12,2.0,14,-109,8574,86,D,
1432,2020.02.14,,10.03.25,59,5G,-91,-12,2.0,14,-103,6489,64,D,
1433,2020.02.14,,10.03.26,59,5G,-90,-13,3.0,9,-105,6364,68,D,
1434,2020.02.14,,10.03.27,59,5G,-90,-13,3.0,9,-105,11212,106,D,
1435,2020.02.14,,10.03.29,59,5G,-91,-15,9.0,14,-105,9867,117,D,
1436,2020.02.14,,10.03.30,59,5G,-91,-15,9.0,14,-107,11801,122,D,
1437,2020.02.14,,10.03.31,59,5G,-86,-15,22.0,12,-101,6772,68,D,
1438,2020.02.14,,10.03.32,36,5G,-86,-15,22.0,12,-103,6772,68,D,
1439,2020.02.14,,10.03.32,36,5G,-86,-15,22.0,12,-99,5332,42,D,
1442,2020.02.14,,10.03.34,36,5G,-86,-13,14.0,14,-97,11794,276,D,
1443,2020.02.14,,10.03.36,36,5G,-88,-12,-7.0,5,-99,9375,111,D,
1444,2020.02.14,,10.03.37,36,5G,-88,-12,-7.0,5,-97,4369,37,D,
1445,2020.02.14,,10.03.38,36,5G,-83,-15,14.0,12,-91,5612,65,D,
1446,2020.02.14,,10.03.39,62,5G,-83,-15,14.0,12,-97,5612,65,D,
1447,2020.02.14,,10.03.39,62,5G,-83,-15,14.0,12,-99,3875,65,D,
1448,2020.02.14,,10.03.40,62,5G,-91,-12,7.0,9,-99,3589,49,D,
1449,2020.02.14,,10.03.41,62,5G,-91,-12,7.0,9,-95,4066,48,D,
1450,2020.02.14,,10.03.43,62,5G,-87,-12,3.0,11,-95,7655,69,D,
1451,2020.02.14,,10.03.44,62,5G,-87,-12,3.0,11,-91,11628,85,D,
1452,2020.02.14,,10.03.45,62,5G,-93,-12,2.0,9,-93,8933,119,D,
1453,2020.02.14,,10.03.45,52,5G,-93,-12,2.0,9,-93,8933,119,D,
1454,2020.02.14,,10.03.46,52,5G,-93,-12,2.0,9,-95,770,7,D,
1455,2020.02.14,,10.03.47,52,5G,-93,-12,2.0,9,-95,770,7,D,
1457,2020.02.14,,10.03.49,52,5G,-90,-12,-4.0,10,-91,29209,335,D,
1458,2020.02.14,,10.03.50,52,5G,-83,-15,-2.0,12,-89,15369,145,D,
1459,2020.02.14,,10.03.51,52,5G,-83,-15,-2.0,12,-95,11683,102,D,
1460,2020.02.14,,10.03.52,52,5G,-82,-14,-1.0,13,-91,12369,121,D,
1461,2020.02.14,,10.03.53,52,5G,-82,-14,-1.0,13,-89,9983,122,D,
1462,2020.02.14,,10.03.55,52,5G,-89,-14,2.0,12,-93,7539,59,D,
1463,2020.02.14,,10.03.56,52,5G,-89,-14,2.0,12,-93,8945,88,D,
1464,2020.02.14,,10.03.57,52,5G,-85,-15,17.0,12,-91,6530,68,D,
1465,2020.02.14,,10.03.58,52,5G,-85,-15,17.0,12,-91,8874,87,D,
1466,2020.02.14,,10.04.00,52,5G,-84,-14,2.0,14,-91,109,1,D,
1467,2020.02.14,,10.04.01,52,5G,-84,-14,2.0,14,-91,109,1,D,
1468,2020.02.14,,10.04.02,52,5G,-84,-15,7.0,15,-91,12394,241,D,
1469,2020.02.14,,10.04.03,52,5G,-84,-15,7.0,15,-91,17595,116,D,
1470,2020.02.14,,10.04.04,52,5G,-84,-16,19.0,13,-91,6801,88,D,
1471,2020.02.14,,10.04.05,52,5G,-84,-16,19.0,13,-91,4342,66,D,
1472,2020.02.14,,10.04.06,52,5G,-86,-15,10.0,12,-91,4943,73,D,
1473,2020.02.14,,10.04.08,52,5G,-86,-15,10.0,12,-91,6568,82,D,
1474,2020.02.14,,10.04.09,52,5G,-89,-16,-8.0,15,-89,6881,90,D,
1475,2020.02.14,,10.04.10,52,5G,-89,-16,-8.0,15,-89,7065,81,D,
1476,2020.02.14,,10.04.11,15,5G,-89,-16,-8.0,15,-89,7065,81,D,
1477,2020.02.14,,10.04.11,15,5G,-87,-16,7.0,13,-83,4896,72,D,
1478,2020.02.14,,10.04.12,15,5G,-87,-16,7.0,13,-93,8030,61,D,
1479,2020.02.14,,10.04.13,15,5G,-94,-10,8.0,15,-97,5813,92,D,
1482,2020.02.14,,10.04.16,15,5G,-95,-11,0.0,12,-97,5453,107,D,
1483,2020.02.14,,10.04.17,15,5G,-95,-11,0.0,12,-93,15509,141,D,
1484,2020.02.14,,10.04.18,15,5G,-91,-9,3.0,8,-89,13833,94,D,
1485,2020.02.14,,10.04.19,15,5G,-91,-9,3.0,8,-85,9080,85,D,
1486,2020.02.14,,10.04.20,15,5G,-86,-11,5.0,13,-89,9881,57,D,
1487,2020.02.14,,10.04.21,51,5G,-86,-11,5.0,13,-89,9881,57,D,
1488,2020.02.14,,10.04.22,51,5G,-86,-11,5.0,13,-85,9958,81,D,
1489,2020.02.14,,10.04.23,51,5G,-89,-10,-2.0,8,-91,11345,61,D,
1490,2020.02.14,,10.04.24,51,5G,-89,-10,-2.0,8,-97,11008,97,D,
1491,2020.02.14,,10.04.25,51,5G,-90,-9,-2.0,15,-97,8984,78,D,
1492,2020.02.14,,10.04.26,51,5G,-90,-9,-2.0,15,-93,10334,63,D,
1493,2020.02.14,,10.04.28,54,5G,-91,-10,15.0,15,-95,9258,72,D,
1494,2020.02.14,,10.04.28,54,5G,-91,-10,15.0,15,-95,9258,72,D,
1497,2020.02.14,,10.04.30,54,5G,-82,-9,-4.0,4,-83,12822,194,D,
1498,2020.02.14,,10.04.31,54,5G,-82,-9,-4.0,4,-83,16353,47,D,
1499,2020.02.14,,10.04.32,54,5G,-76,-9,10.0,15,-85,16015,93,D,
1500,2020.02.14,,10.04.33,54,5G,-76,-9,10.0,15,-85,18363,114,D,
1501,2020.02.14,,10.04.34,52,5G,-76,-9,10.0,15,-81,18443,134,D,
1502,2020.02.14,,10.04.35,52,5G,-79,-9,11.0,15,-81,18443,134,D,
1503,2020.02.14,,10.04.36,52,5G,-79,-9,11.0,15,-85,18414,119,D,
1504,2020.02.14,,10.04.37,52,5G,-80,-8,9.0,15,-83,17613,195,D,
1505,2020.02.14,,10.04.38,52,5G,-80,-8,9.0,15,-83,11146,84,D,
1506,2020.02.14,,10.04.39,52,5G,-84,-8,15.0,15,-91,12821,94,D,
1507,2020.02.14,,10.04.42,52,5G,-84,-8,26.0,15,-93,5813,36,D,
1508,2020.02.14,,10.04.43,23,5G,-84,-8,26.0,15,-89,5813,36,D,
1511,2020.02.14,,10.04.44,23,5G,-83,-8,-3.0,14,-89,17721,196,D,
1512,2020.02.14,,10.04.45,23,5G,-83,-8,-3.0,14,-95,17384,72,D,
1513,2020.02.14,,10.04.46,23,5G,-87,-7,8.0,14,-97,16060,58,D,
1514,2020.02.14,,10.04.47,23,5G,-87,-7,8.0,14,-97,14741,66,D,
1515,2020.02.14,,10.04.49,23,5G,-90,-8,16.0,15,-101,16971,99,D,
1516,2020.02.14,,10.04.50,23,5G,-90,-8,16.0,15,-97,16429,107,D,
1517,2020.02.14,,10.04.51,23,5G,-91,-8,16.0,15,-101,17621,124,D,
1518,2020.02.14,,10.04.52,23,5G,-91,-8,16.0,15,-99,15882,105,D,
1519,2020.02.14,,10.04.52,45,5G,-91,-8,16.0,15,-99,15882,105,D,
1520,2020.02.14,,10.04.53,45,5G,-95,-8,17.0,14,-99,22093,101,D,
1521,2020.02.14,,10.04.56,45,5G,-90,-9,3.0,10,-95,3721,15,D,
1522,2020.02.14,,10.04.56,45,5G,-90,-9,3.0,10,-95,3721,15,D,
1523,2020.02.14,,10.04.57,45,5G,-90,-9,3.0,10,-95,2285,39,D,
1524,2020.02.14,,10.04.58,45,5G,-91,-10,3.0,14,-95,15055,189,D,
1525,2020.02.14,,10.04.59,45,5G,-91,-10,3.0,14,-95,14941,114,D,
1526,2020.02.14,,10.05.00,45,5G,-92,-10,6.0,11,-93,10332,84,D,
1527,2020.02.14,,10.05.01,39,5G,-92,-10,6.0,11,-93,12833,89,D,
1528,2020.02.14,,10.05.02,39,5G,-92,-10,6.0,11,-93,12833,89,D,
1529,2020.02.14,,10.05.03,39,5G,-89,-11,2.0,14,-93,7623,83,D,
1530,2020.02.14,,10.05.04,39,5G,-89,-11,2.0,14,-93,9482,77,D,
1531,2020.02.14,,10.05.05,39,5G,-90,-10,5.0,13,-95,6900,97,D,
1532,2020.02.14,,10.05.06,39,5G,-90,-10,5.0,13,-95,9479,85,D,
1533,2020.02.14,,10.05.08,39,5G,-96,-10,0.0,10,-99,13029,89,D,
1534,2020.02.14,,10.05.09,39,5G,-96,-10,0.0,10,-99,14437,113,D,
1535,2020.02.14,,10.05.10,48,5G,-96,-10,0.0,10,-99,14437,113,D,
1538,2020.02.14,,10.05.11,48,5G,-96,-11,-2.0,12,-103,4748,76,D,
1539,2020.02.14,,10.05.12,48,5G,-99,-12,-2.0,7,-99,11855,153,D,
1540,2020.02.14,,10.05.13,48,5G,-99,-12,-2.0,7,-91,4586,61,D,
1541,2020.02.14,,10.05.14,48,5G,-93,-15,-5.0,11,-97,5596,68,D,
1542,2020.02.14,,10.05.16,48,5G,-93,-15,-5.0,11,-97,4742,45,D,
1543,2020.02.14,,10.05.17,48,5G,-92,-11,-1.0,9,-97,6053,129,D,
1544,2020.02.14,,10.05.18,44,5G,-92,-11,-1.0,9,-99,6053,129,D,
1545,2020.02.14,,10.05.18,44,5G,-92,-11,-1.0,9,-99,9549,80,D,
1546,2020.02.14,,10.05.19,44,5G,-90,-11,-3.0,6,-97,7450,70,D,
1547,2020.02.14,,10.05.21,44,5G,-90,-11,-3.0,6,-97,9186,67,D,
1548,2020.02.14,,10.05.22,44,5G,-94,-11,-2.0,10,-97,9738,60,D,
1549,2020.02.14,,10.05.23,44,5G,-94,-11,-2.0,10,-95,10490,100,D,
1552,2020.02.14,,10.05.25,44,5G,-95,-10,5.0,14,-97,14320,241,D,
1553,2020.02.14,,10.05.26,44,5G,-88,-10,3.0,15,-95,17047,137,D,
1554,2020.02.14,,10.05.27,44,5G,-88,-10,3.0,15,-95,17047,137,D,
1555,2020.02.14,,10.05.27,44,5G,-88,-10,3.0,15,-95,17098,132,D,
1556,2020.02.14,,10.05.29,44,5G,-89,-11,-4.0,14,-95,8444,107,D,
1557,2020.02.14,,10.05.30,44,5G,-89,-11,-4.0,14,-93,8176,70,D,
1558,2020.02.14,,10.05.31,44,5G,-89,-8,-8.0,12,-93,8179,81,D,
1559,2020.02.14,,10.05.32,44,5G,-89,-8,-8.0,12,-93,6808,79,D,
1560,2020.02.14,,10.05.33,44,5G,-88,-11,-6.0,14,-93,4258,66,D,
1561,2020.02.14,,10.05.35,44,5G,-88,-11,-6.0,14,-93,6746,56,D,
1562,2020.02.14,,10.05.37,44,5G,-88,-9,18.0,13,-89,7991,58,D,
1565,2020.02.14,,10.05.39,44,5G,-89,-9,16.0,13,-93,18590,302,D,
1566,2020.02.14,,10.05.39,41,5G,-89,-9,16.0,13,-93,18590,302,D,
1567,2020.02.14,,10.05.40,41,5G,-90,-11,0.0,13,-93,13158,113,D,
1568,2020.02.14,,10.05.42,41,5G,-90,-11,0.0,13,-93,10733,99,D,
1569,2020.02.14,,10.05.43,41,5G,-88,-8,9.0,14,-93,10264,98,D,
1570,2020.02.14,,10.05.44,41,5G,-88,-8,9.0,14,-89,11971,83,D,
1571,2020.02.14,,10.05.45,41,5G,-88,-10,-3.0,14,-91,18114,108,D,
1572,2020.02.14,,10.05.46,41,5G,-88,-10,-3.0,14,-93,21521,137,D,
1573,2020.02.14,,10.05.48,41,5G,-86,-9,10.0,14,-93,14807,151,D,
1574,2020.02.14,,10.05.49,41,5G,-86,-9,10.0,14,-93,13694,93,D,
1575,2020.02.14,,10.05.50,44,5G,-86,-9,10.0,14,-93,13694,93,D,
1576,2020.02.14,,10.05.51,44,5G,-95,-10,0.0,11,-97,6484,35,D,
1577,2020.02.14,,10.05.52,44,5G,-95,-10,0.0,11,-93,6484,35,D,
1578,2020.02.14,,10.05.52,44,5G,-92,-9,14.0,13,-93,1432,37,D,
1579,2020.02.14,,10.05.54,44,5G,-92,-9,14.0,13,-97,22735,210,D,
1580,2020.02.14,,10.05.55,44,5G,-89,-8,8.0,15,-95,12485,100,D,
1581,2020.02.14,,10.05.56,44,5G,-89,-8,8.0,15,-95,10139,86,D,
1582,2020.02.14,,10.05.57,44,5G,-91,-8,19.0,11,-93,15365,105,D,
1583,2020.02.14,,10.05.58,44,5G,-91,-8,19.0,11,-91,16415,123,D,
1584,2020.02.14,,10.05.58,36,5G,-91,-8,19.0,11,-91,16415,123,D,
1585,2020.02.14,,10.05.59,36,5G,-83,-9,-1.0,7,-91,18015,141,D,
1586,2020.02.14,,10.06.01,36,5G,-83,-9,-1.0,7,-93,14543,115,D,
1587,2020.02.14,,10.06.02,36,5G,-87,-12,14.0,14,-93,13454,94,D,
1588,2020.02.14,,10.06.03,36,5G,-87,-12,14.0,14,-91,19868,129,D,
1589,2020.02.14,,10.06.04,36,5G,-85,-8,15.0,14,-87,21994,173,D,
1592,2020.02.14,,10.06.06,36,5G,-81,-7,23.0,15,-85,4952,100,D,
1593,2020.02.14,,10.06.07,44,5G,-81,-7,23.0,15,-87,24646,149,D,
1594,2020.02.14,,10.06.08,44,5G,-81,-7,23.0,15,-87,24646,149,D,
1595,2020.02.14,,10.06.09,44,5G,-81,-10,-5.0,15,-87,17662,154,D,
1596,2020.02.14,,10.06.10,44,5G,-81,-10,-5.0,15,-87,17366,115,D,
1597,2020.02.14,,10.06.11,44,5G,-81,-9,16.0,15,-89,13540,139,D,
1598,2020.02.14,,10.06.12,44,5G,-81,-9,16.0,15,-85,12467,101,D,
1599,2020.02.14,,10.06.14,44,5G,-80,-7,4.0,10,-85,11587,159,D,
1600,2020.02.14,,10.06.15,44,5G,-80,-7,4.0,10,-87,8511,68,D,
1601,2020.02.14,,10.06.16,44,5G,-84,-12,18.0,15,-89,7531,89,D,
1602,2020.02.14,,10.06.17,44,5G,-84,-12,18.0,15,-85,11151,113,D,
1603,2020.02.14,,10.06.18,44,5G,-82,-9,-3.0,15,-81,4279,58,D,
1604,2020.02.14,,10.06.19,44,5G,-82,-9,-3.0,15,-83,166,1,D,
1605,2020.02.14,,10.06.20,44,5G,-82,-9,-3.0,15,-83,166,1,D,
1606,2020.02.14,,10.06.21,44,5G,-81,-11,18.0,12,-81,4553,127,D,
1607,2020.02.14,,10.06.22,44,5G,-81,-11,18.0,12,-83,9876,185,D,
1608,2020.02.14,,10.06.22,41,5G,-81,-11,18.0,12,-83,9876,185,D,
1609,2020.02.14,,10.06.23,41,5G,-82,-8,23.0,15,-83,9562,85,D,
1610,2020.02.14,,10.06.24,41,5G,-82,-8,23.0,15,-79,7281,109,D,
1611,2020.02.14,,10.06.25,41,5G,-83,-10,-4.0,15,-85,4000,62,D,
1612,2020.02.14,,10.06.27,41,5G,-83,-10,-4.0,15,-91,8066,66,D,
1613,2020.02.14,,10.06.28,41,5G,-81,-9,13.0,14,-87,11116,110,D,
1614,2020.02.14,,10.06.29,41,5G,-81,-9,13.0,14,-87,6986,90,D,
1615,2020.02.14,,10.06.30,41,5G,-81,-10,-5.0,14,-83,8480,79,D,
1616,2020.02.14,,10.06.31,41,5G,-81,-10,-5.0,14,-83,6445,68,D,
1617,2020.02.14,,10.06.32,41,5G,-84,-8,-9.0,12,-93,7181,67,D,
1620,2020.02.14,,10.06.35,41,5G,-90,-10,16.0,14,-91,7452,162,D,
1621,2020.02.14,,10.06.36,41,5G,-90,-10,16.0,14,-95,8001,152,D,
1622,2020.02.14,,10.06.37,41,5G,-90,-10,14.0,13,-93,11307,113,D,
1623,2020.02.14,,10.06.38,41,5G,-90,-10,14.0,13,-97,7844,95,D,
1624,2020.02.14,,10.06.38,28,5G,-90,-10,14.0,13,-101,7844,95,D,
1625,2020.02.14,,10.06.40,28,5G,-97,-11,-1.0,13,-103,5439,63,D,
1626,2020.02.14,,10.06.41,28,5G,-97,-11,-1.0,13,-103,7824,70,D,
1627,2020.02.14,,10.06.42,28,5G,-100,-9,3.0,12,-107,6917,82,D,
1628,2020.02.14,,10.06.43,28,5G,-100,-9,3.0,12,-103,11853,108,D,
1629,2020.02.14,,10.06.44,28,5G,-97,-8,6.0,11,-103,11201,133,D,
1630,2020.02.14,,10.06.45,28,5G,-97,-8,6.0,11,-103,10867,95,D,
1631,2020.02.14,,10.06.47,28,5G,-99,-11,0.0,12,-103,6125,48,D,
1632,2020.02.14,,10.06.47,28,5G,-99,-11,0.0,12,-103,6125,48,D,
1633,2020.02.14,,10.06.48,28,5G,-99,-11,0.0,12,-103,561,15,D,
1634,2020.02.14,,10.06.49,28,5G,-101,-9,0.0,13,-103,19138,199,D,
1635,2020.02.14,,10.06.50,28,5G,-101,-9,0.0,13,-101,9214,123,D,
1636,2020.02.14,,10.06.51,28,5G,-97,-9,9.0,11,-101,6082,66,D,
1637,2020.02.14,,10.06.53,28,5G,-97,-9,9.0,11,-101,5535,58,D,
1638,2020.02.14,,10.06.54,28,5G,-101,-11,1.0,14,-107,8441,100,D,
1639,2020.02.14,,10.06.55,28,5G,-101,-11,1.0,14,-105,10171,116,D,
1640,2020.02.14,,10.06.56,28,5G,-97,-10,9.0,8,-109,6316,74,D,
1641,2020.02.14,,10.06.57,28,5G,-97,-10,9.0,8,-109,7022,91,D,
1642,2020.02.14,,10.06.58,28,5G,-98,-8,7.0,12,-107,8373,115,D,
1643,2020.02.14,,10.06.59,28,5G,-98,-8,7.0,12,-107,12417,151,D,
1644,2020.02.14,,10.07.00,28,5G,-98,-8,7.0,12,-107,12417,151,D,
1645,2020.02.14,,10.07.00,28,5G,-99,-13,10.0,14,-107,3125,7,D,
