,Date,Day#_Timeframe,Timestamp,Timeframe,Speed,NetworkMode,RSRP,RSRQ,SNR,CQI,RSSI,DL_bitrate,UL_bitrate,State
5,2019.12.19,,15.00.51,,0,5G,-105,-12,0.0,9,-87,178,128,D
7,2019.12.19,,15.00.53,,0,5G,-104,-14,6.0,9,-87,17780,574,D
8,2019.12.19,,15.00.54,,0,5G,-104,-14,6.0,9,-87,2282,69,D
10,2019.12.19,,15.00.56,,0,5G,-104,-13,0.0,9,-87,3398,233,D
13,2019.12.19,,15.00.59,,0,5G,-104,-17,4.0,9,-87,7350,188,D
14,2019.12.19,,15.01.01,,0,5G,-104,-17,4.0,9,-87,1097,38,D
15,2019.12.19,,15.01.02,,0,5G,-104,-17,-1.0,9,-87,10050,325,D
16,2019.12.19,,15.01.03,,0,5G,-104,-17,-1.0,13,-89,2028,73,D
17,2019.12.19,,15.01.04,,0,5G,-104,-16,0.0,13,-89,4213,112,D
35,2019.12.19,,15.01.24,,0,5G,-102,-12,1.0,11,-89,1074,24,D
36,2019.12.19,,15.01.25,,0,5G,-102,-12,1.0,11,-89,3331,51,D
37,2019.12.19,,15.01.26,,0,5G,-102,-13,3.0,11,-89,323,89,D
38,2019.12.19,,15.01.27,,0,5G,-102,-13,3.0,11,-89,20346,369,D
39,2019.12.19,,15.01.28,,0,5G,-102,-11,-1.0,11,-89,3204,115,D
41,2019.12.19,,15.01.30,,0,5G,-103,-12,3.0,11,-89,871,23,D
46,2019.12.19,,15.01.36,,0,5G,-102,-16,4.0,12,-87,48,18,D
47,2019.12.19,,15.01.37,,0,5G,-102,-17,-4.0,12,-87,28018,589,D
51,2019.12.19,,15.01.42,,0,5G,-101,-17,5.0,13,-90,49885,853,D
52,2019.12.19,,15.01.43,,0,5G,-101,-17,5.0,13,-90,86016,1006,D
53,2019.12.19,,15.01.44,,0,5G,-99,-12,1.0,9,-,81084,832,D
54,2019.12.19,,15.01.45,,0,5G,-99,-12,1.0,9,-,49005,2058,D
55,2019.12.19,,15.01.46,,0,5G,-98,-13,2.0,9,-,66110,628,D
56,2019.12.19,,15.01.47,,0,5G,-98,-13,2.0,9,-,64898,633,D
57,2019.12.19,,15.01.48,,0,5G,-102,-16,2.0,14,-90,64494,599,D
58,2019.12.19,,15.01.49,,0,5G,-102,-16,2.0,14,-90,64400,662,D
59,2019.12.19,,15.01.50,,0,5G,-106,-16,3.0,14,-86,62799,570,D
60,2019.12.19,,15.01.51,,0,5G,-106,-16,3.0,14,-86,63863,614,D
61,2019.12.19,,15.01.52,,0,5G,-105,-19,-2.0,14,-86,62323,566,D
62,2019.12.19,,15.01.53,,0,5G,-105,-19,-2.0,13,-,63844,641,D
63,2019.12.19,,15.01.55,,0,5G,-106,-19,2.0,13,-,44057,2149,D
64,2019.12.19,,15.01.56,,0,5G,-106,-19,2.0,13,-,56154,431,D
65,2019.12.19,,15.01.57,,0,5G,-106,-13,5.0,13,-88,9499,81,D
67,2019.12.19,,15.01.59,,0,5G,-106,-12,4.0,14,-86,5064,55,D
68,2019.12.19,,15.02.00,,0,5G,-106,-12,4.0,14,-86,2196,18,D
69,2019.12.19,,15.02.01,,0,5G,-107,-14,-3.0,14,-86,6772,62,D
70,2019.12.19,,15.02.02,,0,5G,-107,-14,-3.0,14,-84,2142,19,D
71,2019.12.19,,15.02.03,,0,5G,-105,-15,0.0,14,-84,10980,115,D
73,2019.12.19,,15.02.05,,0,5G,-104,-15,0.0,14,-84,7950,78,D
75,2019.12.19,,15.02.07,,0,5G,-104,-19,2.0,14,-84,10586,102,D
77,2019.12.19,,15.02.09,,0,5G,-99,-18,3.0,14,-86,8221,82,D
79,2019.12.19,,15.02.12,,0,5G,-104,-17,3.0,9,-84,10756,100,D
81,2019.12.19,,15.02.14,,0,5G,-106,-19,-1.0,9,-84,9065,81,D
82,2019.12.19,,15.02.15,,0,5G,-106,-19,-1.0,12,-86,3047,33,D
83,2019.12.19,,15.02.16,,0,5G,-99,-17,1.0,14,-,4477,42,D
84,2019.12.19,,15.02.17,,0,5G,-99,-17,1.0,14,-,10707,94,D
86,2019.12.19,,15.02.19,,0,5G,-99,-18,3.0,14,-,9462,96,D
88,2019.12.19,,15.02.21,,0,5G,-100,-18,3.0,14,-,9661,94,D
90,2019.12.19,,15.02.24,,0,5G,-100,-17,5.0,14,-,12707,125,D
92,2019.12.19,,15.02.26,,0,5G,-98,-14,2.0,14,-,7580,58,D
93,2019.12.19,,15.02.27,,0,5G,-102,-13,0.0,14,-,4889,50,D
94,2019.12.19,,15.02.28,,0,5G,-102,-13,0.0,14,-,1311,11,D
95,2019.12.19,,15.02.29,,0,5G,-99,-12,9.0,14,-,9641,98,D
96,2019.12.19,,15.02.30,,0,5G,-99,-12,9.0,14,-,72,1,D
97,2019.12.19,,15.02.31,,0,5G,-102,-15,1.0,14,-,10183,93,D
99,2019.12.19,,15.02.33,,0,5G,-101,-11,8.0,14,-84,10342,97,D
101,2019.12.19,,15.02.35,,0,5G,-101,-17,5.0,14,-84,10751,104,D
103,2019.12.19,,15.02.38,,0,5G,-102,-16,0.0,14,-84,9652,79,D
104,2019.12.19,,15.02.39,,0,5G,-102,-16,0.0,14,-84,1540,22,D
105,2019.12.19,,15.02.40,,0,5G,-100,-15,1.0,13,-86,6561,54,D
106,2019.12.19,,15.02.41,,0,5G,-100,-15,1.0,13,-86,7961,80,D
108,2019.12.19,,15.02.43,,0,5G,-101,-15,0.0,13,-86,11689,109,D
110,2019.12.19,,15.02.45,,0,5G,-99,-10,0.0,13,-86,10398,95,D
112,2019.12.19,,15.02.47,,0,5G,-100,-12,4.0,13,-86,9854,92,D
114,2019.12.19,,15.02.50,,0,5G,-101,-14,4.0,13,-86,11427,108,D
116,2019.12.19,,15.02.52,,0,5G,-100,-13,3.0,13,-86,11337,99,D
117,2019.12.19,,15.02.53,,0,5G,-101,-13,5.0,13,-86,2737,27,D
118,2019.12.19,,15.02.54,,0,5G,-101,-13,5.0,13,-86,14071,135,D
119,2019.12.19,,15.02.55,,0,5G,-100,-17,-3.0,10,-84,3812,32,D
121,2019.12.19,,15.02.57,,0,5G,-100,-12,5.0,11,-86,10827,107,D
123,2019.12.19,,15.02.59,,0,5G,-101,-16,2.0,11,-86,11052,109,D
125,2019.12.19,,15.03.02,,0,5G,-100,-18,1.0,11,-86,7115,74,D
127,2019.12.19,,15.03.04,,0,5G,-100,-15,5.0,11,-86,6942,56,D
128,2019.12.19,,15.03.05,,0,5G,-100,-15,5.0,11,-86,3290,38,D
129,2019.12.19,,15.03.06,,0,5G,-100,-13,2.0,10,-88,6722,1176,D
130,2019.12.19,,15.03.07,,0,5G,-100,-13,2.0,10,-88,7623,85,D
131,2019.12.19,,15.03.08,,0,5G,-99,-13,5.0,10,-88,2315,18,D
132,2019.12.19,,15.03.09,,0,5G,-99,-13,5.0,13,-86,10324,102,D
134,2019.12.19,,15.03.11,,0,5G,-98,-12,6.0,11,-88,10664,106,D
136,2019.12.19,,15.03.13,,0,5G,-100,-17,5.0,11,-88,10635,104,D
138,2019.12.19,,15.03.16,,0,5G,-101,-17,-2.0,13,-86,10409,128,D
139,2019.12.19,,15.03.17,,0,5G,-99,-15,6.0,12,-86,9945,92,D
141,2019.12.19,,15.03.19,,0,5G,-101,-16,2.0,12,-86,6834,67,D
142,2019.12.19,,15.03.20,,0,5G,-101,-16,2.0,12,-86,749,12,D
143,2019.12.19,,15.03.21,,0,5G,-101,-17,4.0,12,-86,7409,80,D
145,2019.12.19,,15.03.23,,0,5G,-101,-16,1.0,12,-86,10200,103,D
147,2019.12.19,,15.03.25,,0,5G,-100,-17,0.0,12,-89,11314,112,D
149,2019.12.19,,15.03.28,,0,5G,-100,-18,6.0,12,-87,12406,119,D
150,2019.12.19,,15.03.29,,0,5G,-100,-18,6.0,12,-87,1525,24,D
151,2019.12.19,,15.03.30,,0,5G,-99,-13,2.0,12,-87,7727,70,D
152,2019.12.19,,15.03.31,,0,5G,-99,-13,2.0,12,-87,4141,38,D
154,2019.12.19,,15.03.33,,0,5G,-100,-14,0.0,12,-87,10892,91,D
156,2019.12.19,,15.03.35,,0,5G,-100,-18,-2.0,12,-87,12240,118,D
158,2019.12.19,,15.03.37,,0,5G,-100,-17,1.0,15,-89,9868,99,D
160,2019.12.19,,15.03.40,,0,5G,-100,-12,-1.0,15,-89,9505,101,D
162,2019.12.19,,15.03.42,,0,5G,-100,-17,2.0,13,-87,10337,93,D
163,2019.12.19,,15.03.43,,0,5G,-101,-13,4.0,13,-87,4237,52,D
164,2019.12.19,,15.03.44,,0,5G,-101,-13,4.0,13,-87,579,4,D
165,2019.12.19,,15.03.45,,0,5G,-101,-16,1.0,13,-87,5730,59,D
167,2019.12.19,,15.03.47,,0,5G,-100,-15,-2.0,13,-87,9838,92,D
169,2019.12.19,,15.03.49,,0,5G,-101,-16,-2.0,13,-87,6784,72,D
171,2019.12.19,,15.03.51,,0,5G,-100,-13,0.0,13,-87,8975,82,D
173,2019.12.19,,15.03.54,,0,5G,-102,-17,-1.0,13,-87,14030,131,D
174,2019.12.19,,15.03.55,,0,5G,-102,-17,-1.0,13,-87,2882,42,D
175,2019.12.19,,15.03.56,,0,5G,-101,-15,0.0,13,-87,4029,37,D
176,2019.12.19,,15.03.57,,0,5G,-101,-15,0.0,13,-87,7315,72,D
177,2019.12.19,,15.03.58,,0,5G,-100,-15,2.0,13,-87,39,15,D
178,2019.12.19,,15.03.59,,0,5G,-100,-15,2.0,13,-87,11980,124,D
180,2019.12.19,,15.04.01,,0,5G,-100,-18,1.0,13,-87,9962,94,D
182,2019.12.19,,15.04.03,,0,5G,-99,-15,3.0,11,-85,10370,103,D
184,2019.12.19,,15.04.06,,0,5G,-99,-12,4.0,15,-87,9660,100,D
185,2019.12.19,,15.04.07,,0,5G,-100,-15,3.0,15,-85,37,986,D
186,2019.12.19,,15.04.08,,0,5G,-100,-15,3.0,15,-87,8790,73,D
187,2019.12.19,,15.04.09,,0,5G,-100,-18,2.0,15,-87,2893,32,D
188,2019.12.19,,15.04.10,,0,5G,-100,-18,2.0,15,-87,5991,49,D
189,2019.12.19,,15.04.11,,0,5G,-99,-13,6.0,15,-87,9985,107,D
191,2019.12.19,,15.04.13,,0,5G,-100,-16,-2.0,15,-87,8265,84,D
193,2019.12.19,,15.04.15,,0,5G,-100,-17,0.0,15,-87,13684,125,D
195,2019.12.19,,15.04.17,,0,5G,-100,-17,0.0,15,-87,8417,75,D
197,2019.12.19,,15.04.20,,0,5G,-100,-19,1.0,13,-90,9375,87,D
198,2019.12.19,,15.04.21,,0,5G,-100,-19,1.0,13,-90,1563,27,D
199,2019.12.19,,15.04.22,,0,5G,-98,-17,5.0,15,-88,10060,89,D
200,2019.12.19,,15.04.23,,0,5G,-98,-17,5.0,15,-90,8111,79,D
201,2019.12.19,,15.04.24,,0,5G,-98,-17,1.0,15,-88,1387,10,D
202,2019.12.19,,15.04.25,,0,5G,-98,-17,1.0,15,-90,9865,102,D
204,2019.12.19,,15.04.27,,0,5G,-100,-18,1.0,11,-88,11407,103,D
206,2019.12.19,,15.04.29,,0,5G,-100,-17,1.0,11,-88,10821,111,D
208,2019.12.19,,15.04.32,,0,5G,-100,-19,2.0,11,-88,10857,103,D
210,2019.12.19,,15.04.34,,0,5G,-99,-18,1.0,12,-86,8032,69,D
211,2019.12.19,,15.04.35,,0,5G,-100,-18,3.0,15,-90,2657,31,D
212,2019.12.19,,15.04.36,,0,5G,-100,-18,3.0,15,-88,4608,37,D
213,2019.12.19,,15.04.37,,0,5G,-102,-17,1.0,15,-88,10330,109,D
214,2019.12.19,,15.04.38,,0,5G,-102,-17,1.0,15,-88,16,9,D
215,2019.12.19,,15.04.39,,0,5G,-101,-17,0.0,15,-88,10481,131,D
217,2019.12.19,,15.04.41,,0,5G,-100,-18,2.0,14,-86,9693,120,D
218,2019.12.19,,15.04.42,,0,5G,-100,-18,2.0,14,-86,54,18,D
219,2019.12.19,,15.04.43,,0,5G,-99,-17,6.0,14,-86,10300,105,D
221,2019.12.19,,15.04.46,,0,5G,-98,-13,3.0,14,-86,11062,113,D
222,2019.12.19,,15.04.47,,0,5G,-98,-13,3.0,14,-86,11,10,D
223,2019.12.19,,15.04.48,,0,5G,-98,-14,1.0,14,-86,6848,57,D
224,2019.12.19,,15.04.49,,0,5G,-98,-14,1.0,14,-86,7405,68,D
225,2019.12.19,,15.04.50,,0,5G,-99,-13,2.0,14,-86,1099,8,D
226,2019.12.19,,15.04.51,,0,5G,-99,-13,2.0,14,-86,10493,98,D
228,2019.12.19,,15.04.53,,0,5G,-98,-13,0.0,14,-86,11356,112,D
230,2019.12.19,,15.04.55,,0,5G,-99,-14,3.0,14,-86,10458,102,D
232,2019.12.19,,15.04.58,,0,5G,-99,-16,4.0,14,-86,10304,100,D
234,2019.12.19,,15.05.00,,0,5G,-100,-16,2.0,15,-87,7478,69,D
235,2019.12.19,,15.05.01,,0,5G,-100,-15,4.0,15,-87,6060,73,D
236,2019.12.19,,15.05.02,,0,5G,-100,-15,4.0,15,-87,23,17,D
237,2019.12.19,,15.05.03,,0,5G,-99,-17,5.0,12,-93,10649,103,D
239,2019.12.19,,15.05.05,,0,5G,-100,-16,0.0,15,-91,10309,91,D
240,2019.12.19,,15.05.06,,0,5G,-100,-16,0.0,15,-91,14,1043,D
241,2019.12.19,,15.05.07,,0,5G,-101,-16,2.0,14,-89,4885,351,D
242,2019.12.19,,15.05.08,,0,5G,-101,-16,2.0,14,-89,4583,43,D
243,2019.12.19,,15.05.10,,0,5G,-101,-13,3.0,14,-89,10283,92,D
245,2019.12.19,,15.05.12,,0,5G,-102,-17,5.0,15,-87,10738,92,D
246,2019.12.19,,15.05.13,,0,5G,-102,-17,5.0,15,-87,3296,43,D
247,2019.12.19,,15.05.14,,0,5G,-101,-15,-2.0,15,-87,4950,44,D
248,2019.12.19,,15.05.15,,0,5G,-101,-15,-2.0,15,-87,8395,82,D
250,2019.12.19,,15.05.17,,0,5G,-100,-16,3.0,12,-89,10110,106,D
252,2019.12.19,,15.05.19,,0,5G,-99,-15,7.0,12,-89,10085,101,D
254,2019.12.19,,15.05.22,,0,5G,-100,-18,2.0,15,-88,10680,97,D
256,2019.12.19,,15.05.24,,0,5G,-100,-15,1.0,12,-90,10643,105,D
257,2019.12.19,,15.05.25,,0,5G,-100,-16,4.0,12,-90,2219,38,D
258,2019.12.19,,15.05.26,,0,5G,-100,-16,4.0,12,-90,4499,42,D
259,2019.12.19,,15.05.27,,0,5G,-100,-12,7.0,13,-88,10493,109,D
261,2019.12.19,,15.05.29,,0,5G,-99,-12,7.0,13,-88,10416,102,D
263,2019.12.19,,15.05.31,,0,5G,-99,-12,2.0,15,-90,11950,117,D
265,2019.12.19,,15.05.33,,0,5G,-99,-14,-2.0,13,-88,10174,124,D
266,2019.12.19,,15.05.34,,0,5G,-99,-14,-2.0,13,-88,218,101,D
267,2019.12.19,,15.05.36,,0,5G,-99,-14,2.0,13,-88,10845,110,D
269,2019.12.19,,15.05.38,,0,5G,-99,-14,5.0,11,-90,6267,54,D
270,2019.12.19,,15.05.39,,0,5G,-99,-14,5.0,12,-88,4408,48,D
271,2019.12.19,,15.05.40,,0,5G,-100,-14,3.0,12,-88,1291,14,D
272,2019.12.19,,15.05.41,,0,5G,-100,-14,3.0,14,-90,9666,95,D
274,2019.12.19,,15.05.43,,0,5G,-99,-13,3.0,14,-90,13731,151,D
275,2019.12.19,,15.05.44,,0,5G,-99,-16,3.0,14,-90,22,28,D
276,2019.12.19,,15.05.45,,0,5G,-99,-16,3.0,14,-90,10879,112,D
278,2019.12.19,,15.05.48,,0,5G,-98,-15,3.0,13,-88,9299,94,D
280,2019.12.19,,15.05.50,,0,5G,-100,-18,0.0,11,-88,8563,75,D
281,2019.12.19,,15.05.51,,0,5G,-101,-16,-1.0,11,-88,2517,33,D
282,2019.12.19,,15.05.52,,0,5G,-101,-16,-1.0,11,-88,4143,37,D
283,2019.12.19,,15.05.53,,0,5G,-100,-18,0.0,11,-88,8977,94,D
285,2019.12.19,,15.05.55,,0,5G,-99,-14,0.0,14,-86,10884,99,D
287,2019.12.19,,15.05.57,,0,5G,-100,-16,1.0,12,-89,10543,101,D
289,2019.12.19,,15.06.00,,0,5G,-99,-15,2.0,12,-89,12162,116,D
291,2019.12.19,,15.06.02,,0,5G,-99,-13,1.0,12,-89,9320,86,D
292,2019.12.19,,15.06.03,,0,5G,-99,-13,1.0,12,-87,1595,24,D
293,2019.12.19,,15.06.04,,0,5G,-99,-15,2.0,12,-87,6707,58,D
294,2019.12.19,,15.06.05,,0,5G,-99,-15,2.0,12,-87,6410,70,D
295,2019.12.19,,15.06.06,,0,5G,-100,-13,3.0,12,-87,4652,1041,D
296,2019.12.19,,15.06.07,,0,5G,-100,-13,3.0,12,-87,11379,113,D
298,2019.12.19,,15.06.09,,0,5G,-99,-19,2.0,12,-87,10101,97,D
300,2019.12.19,,15.06.11,,0,5G,-99,-12,7.0,12,-87,9895,99,D
302,2019.12.19,,15.06.14,,0,5G,-99,-14,6.0,12,-87,10313,108,D
304,2019.12.19,,15.06.16,,0,5G,-99,-15,3.0,12,-87,10266,84,D
305,2019.12.19,,15.06.17,,0,5G,-99,-15,5.0,12,-87,3546,40,D
306,2019.12.19,,15.06.18,,0,5G,-99,-15,5.0,12,-87,3287,27,D
307,2019.12.19,,15.06.19,,0,5G,-98,-14,3.0,15,-90,9220,90,D
309,2019.12.19,,15.06.21,,0,5G,-98,-16,6.0,15,-90,9725,97,D
311,2019.12.19,,15.06.23,,0,5G,-98,-16,4.0,15,-90,6432,67,D
313,2019.12.19,,15.06.25,,0,5G,-98,-16,5.0,15,-90,6860,65,D
315,2019.12.19,,15.06.28,,0,5G,-99,-12,4.0,15,-88,5910,67,D
316,2019.12.19,,15.06.29,,0,5G,-99,-12,4.0,15,-88,165,10,D
317,2019.12.19,,15.06.30,,0,5G,-98,-16,3.0,15,-88,2247,19,D
318,2019.12.19,,15.06.31,,0,5G,-98,-16,3.0,15,-88,7327,68,D
319,2019.12.19,,15.06.32,,0,5G,-98,-12,6.0,15,-88,2737,22,D
320,2019.12.19,,15.06.33,,0,5G,-98,-12,6.0,15,-86,12320,117,D
322,2019.12.19,,15.06.35,,0,5G,-99,-12,3.0,13,-89,11430,106,D
324,2019.12.19,,15.06.37,,0,5G,-99,-14,4.0,13,-89,9939,98,D
326,2019.12.19,,15.06.40,,0,5G,-98,-13,6.0,13,-89,10581,106,D
328,2019.12.19,,15.06.42,,0,5G,-100,-16,2.0,13,-89,8225,66,D
329,2019.12.19,,15.06.43,,0,5G,-98,-15,2.0,13,-89,2628,33,D
330,2019.12.19,,15.06.44,,0,5G,-98,-15,2.0,13,-89,8760,72,D
331,2019.12.19,,15.06.45,,0,5G,-100,-19,1.0,10,-86,4169,54,D
332,2019.12.19,,15.06.46,,0,5G,-100,-19,1.0,10,-86,2334,16,D
333,2019.12.19,,15.06.47,,0,5G,-99,-14,2.0,12,-86,10485,95,D
335,2019.12.19,,15.06.49,,0,5G,-100,-17,1.0,12,-86,10363,102,D
337,2019.12.19,,15.06.52,,0,5G,-99,-13,3.0,12,-86,10734,100,D
339,2019.12.19,,15.06.54,,0,5G,-99,-12,2.0,12,-86,10937,96,D
340,2019.12.19,,15.06.55,,0,5G,-99,-12,2.0,12,-86,5215,57,D
341,2019.12.19,,15.06.56,,0,5G,-98,-18,1.0,12,-86,2384,21,D
342,2019.12.19,,15.06.57,,0,5G,-98,-18,1.0,12,-86,10071,98,D
344,2019.12.19,,15.06.59,,0,5G,-100,-14,1.0,12,-86,10188,95,D
346,2019.12.19,,15.07.01,,0,5G,-100,-19,2.0,12,-86,9972,89,D
348,2019.12.19,,15.07.03,,0,5G,-99,-16,0.0,12,-86,10643,97,D
350,2019.12.19,,15.07.06,,0,5G,-100,-15,-3.0,12,-86,10470,92,D
351,2019.12.19,,15.07.07,,0,5G,-99,-13,4.0,15,-88,2952,1031,D
352,2019.12.19,,15.07.08,,0,5G,-99,-13,4.0,15,-88,3578,34,D
353,2019.12.19,,15.07.09,,0,5G,-100,-15,0.0,15,-90,2353,33,D
354,2019.12.19,,15.07.10,,0,5G,-100,-15,0.0,13,-87,8859,76,D
355,2019.12.19,,15.07.11,,0,5G,-100,-18,-1.0,15,-89,10461,112,D
357,2019.12.19,,15.07.13,,0,5G,-99,-14,0.0,15,-89,11292,104,D
359,2019.12.19,,15.07.15,,0,5G,-99,-13,2.0,15,-89,10097,98,D
361,2019.12.19,,15.07.18,,0,5G,-100,-13,1.0,15,-89,10660,102,D
362,2019.12.19,,15.07.19,,0,5G,-100,-13,1.0,15,-86,1921,25,D
363,2019.12.19,,15.07.20,,0,5G,-100,-16,1.0,15,-86,6532,54,D
364,2019.12.19,,15.07.21,,0,5G,-100,-16,1.0,15,-86,7966,77,D
366,2019.12.19,,15.07.23,,0,5G,-100,-14,3.0,13,-84,9723,93,D
368,2019.12.19,,15.07.25,,0,5G,-100,-12,1.0,15,-86,10950,95,D
370,2019.12.19,,15.07.27,,0,5G,-101,-12,1.0,15,-86,11123,102,D
372,2019.12.19,,15.07.30,,0,5G,-98,-13,4.0,13,-88,10297,98,D
374,2019.12.19,,15.07.32,,0,5G,-100,-12,5.0,15,-86,10139,91,D
375,2019.12.19,,15.07.33,,0,5G,-100,-16,2.0,15,-86,3458,38,D
376,2019.12.19,,15.07.34,,0,5G,-100,-16,2.0,15,-86,5181,38,D
377,2019.12.19,,15.07.35,,0,5G,-97,-13,5.0,15,-90,7571,68,D
379,2019.12.19,,15.07.37,,0,5G,-101,-16,4.0,15,-86,10890,107,D
381,2019.12.19,,15.07.39,,0,5G,-100,-15,1.0,15,-86,11019,106,D
383,2019.12.19,,15.07.41,,0,5G,-100,-17,-1.0,15,-88,9548,90,D
384,2019.12.19,,15.07.43,,0,5G,-100,-17,-1.0,15,-88,44,17,D
385,2019.12.19,,15.07.44,,0,5G,-100,-12,6.0,15,-86,8053,78,D
386,2019.12.19,,15.07.45,,0,5G,-100,-12,6.0,15,-86,3664,46,D
387,2019.12.19,,15.07.46,,0,5G,-100,-13,6.0,15,-88,2249,19,D
388,2019.12.19,,15.07.47,,0,5G,-100,-13,6.0,15,-86,6745,67,D
389,2019.12.19,,15.07.48,,0,5G,-99,-11,9.0,15,-86,2318,38,D
390,2019.12.19,,15.07.49,,0,5G,-99,-11,9.0,15,-86,5527,123,D
391,2019.12.19,,15.07.50,,0,5G,-100,-12,2.0,12,-88,4113,79,D
392,2019.12.19,,15.07.51,,0,5G,-100,-12,2.0,12,-88,10736,107,D
394,2019.12.19,,15.07.53,,0,5G,-99,-13,3.0,12,-88,11333,106,D
396,2019.12.19,,15.07.56,,0,5G,-99,-14,4.0,9,-86,9298,87,D
397,2019.12.19,,15.07.57,,0,5G,-99,-13,5.0,9,-86,1772,26,D
398,2019.12.19,,15.07.58,,0,5G,-99,-13,5.0,9,-86,5774,50,D
399,2019.12.19,,15.07.59,,0,5G,-98,-14,2.0,9,-86,10528,102,D
401,2019.12.19,,15.08.01,,0,5G,-99,-15,-1.0,9,-86,10240,94,D
403,2019.12.19,,15.08.03,,0,5G,-99,-15,8.0,9,-86,10010,89,D
405,2019.12.19,,15.08.05,,0,5G,-99,-17,3.0,9,-86,9616,163,D
406,2019.12.19,,15.08.07,,0,5G,-99,-17,3.0,9,-86,35,1108,D
407,2019.12.19,,15.08.08,,0,5G,-99,-15,4.0,15,-88,11411,114,D
408,2019.12.19,,15.08.09,,0,5G,-99,-15,4.0,15,-88,264,12,D
409,2019.12.19,,15.08.10,,0,5G,-98,-12,6.0,14,-90,7879,74,D
410,2019.12.19,,15.08.11,,0,5G,-98,-12,6.0,14,-90,8018,80,D
412,2019.12.19,,15.08.13,,0,5G,-98,-10,6.0,15,-88,11061,112,D
414,2019.12.19,,15.08.15,,0,5G,-98,-16,4.0,12,-90,12035,127,D
416,2019.12.19,,15.08.17,,0,5G,-99,-12,4.0,15,-88,9843,97,D
418,2019.12.19,,15.08.20,,0,5G,-99,-12,4.0,15,-88,9151,91,D
420,2019.12.19,,15.08.22,,0,5G,-99,-11,9.0,15,-88,8509,76,D
421,2019.12.19,,15.08.23,,0,5G,-99,-15,2.0,15,-86,7951,85,D
422,2019.12.19,,15.08.24,,0,5G,-99,-15,2.0,15,-86,1873,17,D
423,2019.12.19,,15.08.25,,0,5G,-100,-13,2.0,15,-86,9187,90,D
425,2019.12.19,,15.08.27,,0,5G,-99,-15,4.0,15,-86,11290,109,D
427,2019.12.19,,15.08.29,,0,5G,-99,-11,4.0,15,-86,9202,90,D
429,2019.12.19,,15.08.32,,0,5G,-98,-14,3.0,15,-86,10299,115,D
431,2019.12.19,,15.08.34,,0,5G,-99,-12,4.0,11,-88,8114,71,D
432,2019.12.19,,15.08.35,,0,5G,-99,-12,4.0,11,-88,3736,40,D
433,2019.12.19,,15.08.36,,0,5G,-99,-13,6.0,11,-88,5325,48,D
434,2019.12.19,,15.08.37,,0,5G,-99,-13,6.0,11,-88,10702,99,D
436,2019.12.19,,15.08.39,,0,5G,-98,-11,8.0,15,-86,9364,95,D
438,2019.12.19,,15.08.41,,0,5G,-98,-11,2.0,15,-86,10454,102,D
440,2019.12.19,,15.08.43,,0,5G,-99,-17,1.0,15,-86,11994,125,D
442,2019.12.19,,15.08.46,,0,5G,-98,-17,6.0,15,-86,11297,113,D
443,2019.12.19,,15.08.47,,0,5G,-98,-16,4.0,15,-88,758,21,D
444,2019.12.19,,15.08.48,,0,5G,-98,-16,4.0,15,-88,6394,61,D
445,2019.12.19,,15.08.49,,0,5G,-99,-18,7.0,11,-90,6918,73,D
446,2019.12.19,,15.08.50,,0,5G,-99,-18,7.0,11,-90,106,1,D
447,2019.12.19,,15.08.51,,0,5G,-99,-14,3.0,12,-88,9789,99,D
449,2019.12.19,,15.08.53,,0,5G,-99,-13,4.0,12,-88,10580,107,D
451,2019.12.19,,15.08.55,,0,5G,-99,-12,2.0,15,-85,9687,96,D
452,2019.12.19,,15.08.57,,0,5G,-99,-12,2.0,15,-85,11,0,D
453,2019.12.19,,15.08.58,,0,5G,-100,-13,2.0,15,-85,8476,89,D
455,2019.12.19,,15.09.00,,0,5G,-100,-11,5.0,15,-85,8715,82,D
456,2019.12.19,,15.09.01,,0,5G,-100,-11,5.0,15,-85,4346,58,D
457,2019.12.19,,15.09.02,,0,5G,-98,-13,6.0,15,-85,2784,25,D
458,2019.12.19,,15.09.03,,0,5G,-98,-13,6.0,15,-85,10536,97,D
460,2019.12.19,,15.09.05,,0,5G,-100,-15,1.0,15,-85,10886,104,D
461,2019.12.19,,15.09.06,,0,5G,-100,-15,-2.0,15,-85,16,1071,D
462,2019.12.19,,15.09.07,,0,5G,-100,-15,-2.0,15,-85,5223,492,D
463,2019.12.19,,15.09.08,,0,5G,-100,-13,6.0,12,-87,4381,48,D
464,2019.12.19,,15.09.09,,0,5G,-100,-13,6.0,12,-87,9973,105,D
466,2019.12.19,,15.09.12,,0,5G,-100,-14,2.0,12,-85,10439,86,D
467,2019.12.19,,15.09.13,,0,5G,-98,-15,0.0,12,-85,143,7,D
468,2019.12.19,,15.09.14,,0,5G,-98,-15,0.0,12,-89,6084,53,D
469,2019.12.19,,15.09.15,,0,5G,-98,-11,5.0,15,-87,6450,66,D
470,2019.12.19,,15.09.16,,0,5G,-98,-11,5.0,11,-85,1176,11,D
471,2019.12.19,,15.09.17,,0,5G,-99,-15,0.0,11,-85,11169,105,D
473,2019.12.19,,15.09.19,,0,5G,-100,-15,1.0,11,-85,11123,95,D
475,2019.12.19,,15.09.21,,0,5G,-100,-11,5.0,15,-87,11941,120,D
477,2019.12.19,,15.09.24,,0,5G,-99,-12,3.0,15,-85,11015,92,D
479,2019.12.19,,15.09.26,,0,5G,-99,-14,6.0,15,-85,11593,88,D
480,2019.12.19,,15.09.27,,0,5G,-99,-14,6.0,15,-85,1822,33,D
481,2019.12.19,,15.09.28,,0,5G,-98,-12,12.0,15,-85,266,6,D
482,2019.12.19,,15.09.29,,0,5G,-98,-12,12.0,15,-85,8240,73,D
483,2019.12.19,,15.09.30,,0,5G,-98,-12,6.0,15,-85,3483,19,D
484,2019.12.19,,15.09.31,,0,5G,-98,-12,6.0,15,-85,12623,100,D
486,2019.12.19,,15.09.33,,0,5G,-98,-11,9.0,13,-90,6137,56,D
488,2019.12.19,,15.09.35,,0,5G,-100,-17,4.0,15,-88,8332,78,D
490,2019.12.19,,15.09.38,,0,5G,-98,-17,5.0,15,-88,9539,104,D
492,2019.12.19,,15.09.40,,0,5G,-97,-14,3.0,12,-90,9522,83,D
493,2019.12.19,,15.09.41,,0,5G,-98,-15,13.0,12,-90,110,8,D
494,2019.12.19,,15.09.42,,0,5G,-98,-15,13.0,12,-90,8142,69,D
495,2019.12.19,,15.09.43,,0,5G,-97,-12,8.0,12,-90,5096,52,D
496,2019.12.19,,15.09.44,,0,5G,-97,-12,8.0,12,-90,2389,20,D
497,2019.12.19,,15.09.45,,0,5G,-97,-12,8.0,12,-90,10616,102,D
499,2019.12.19,,15.09.47,,0,5G,-97,-16,5.0,12,-90,11191,96,D
501,2019.12.19,,15.09.49,,0,5G,-97,-18,11.0,12,-90,10680,85,D
503,2019.12.19,,15.09.51,,0,5G,-97,-15,10.0,12,-90,11295,153,D
505,2019.12.19,,15.09.54,,0,5G,-100,-13,0.0,9,-85,9548,106,D
507,2019.12.19,,15.09.56,,0,5G,-100,-17,1.0,15,-87,10419,86,D
508,2019.12.19,,15.09.57,,0,5G,-100,-17,1.0,15,-87,2292,34,D
509,2019.12.19,,15.09.58,,0,5G,-100,-15,1.0,15,-87,5068,49,D
510,2019.12.19,,15.09.59,,0,5G,-100,-15,1.0,14,-85,9121,87,D
512,2019.12.19,,15.10.01,,0,5G,-98,-11,0.0,10,-88,7752,76,D
513,2019.12.19,,15.10.02,,0,5G,-99,-14,2.0,10,-88,6080,53,D
514,2019.12.19,,15.10.03,,0,5G,-99,-14,2.0,10,-88,11574,113,D
516,2019.12.19,,15.10.05,,0,5G,-100,-13,7.0,10,-88,9912,93,D
517,2019.12.19,,15.10.07,,0,5G,-98,-17,5.0,10,-88,34,1091,D
518,2019.12.19,,15.10.08,,0,5G,-98,-17,5.0,10,-88,6781,65,D
519,2019.12.19,,15.10.09,,0,5G,-98,-18,6.0,15,-86,132,9,D
520,2019.12.19,,15.10.10,,0,5G,-98,-18,6.0,15,-86,7605,54,D
521,2019.12.19,,15.10.11,,0,5G,-100,-18,2.0,15,-86,3436,28,D
522,2019.12.19,,15.10.12,,0,5G,-100,-18,2.0,15,-86,5758,27,D
523,2019.12.19,,15.10.13,,0,5G,-99,-18,0.0,15,-86,4765,58,D
524,2019.12.19,,15.10.14,,0,5G,-99,-18,0.0,15,-86,6153,76,D
525,2019.12.19,,15.10.15,,0,5G,-100,-16,2.0,15,-86,12535,106,D
527,2019.12.19,,15.10.17,,0,5G,-99,-16,6.0,11,-85,8227,81,D
529,2019.12.19,,15.10.20,,0,5G,-99,-14,0.0,13,-90,10743,99,D
531,2019.12.19,,15.10.22,,0,5G,-100,-16,2.0,11,-89,13215,126,D
532,2019.12.19,,15.10.23,,0,5G,-100,-16,2.0,11,-89,4632,52,D
533,2019.12.19,,15.10.24,,0,5G,-99,-14,5.0,11,-89,4124,37,D
534,2019.12.19,,15.10.25,,0,5G,-99,-14,5.0,11,-89,7876,82,D
535,2019.12.19,,15.10.26,,0,5G,-98,-17,1.0,11,-89,493,3,D
536,2019.12.19,,15.10.27,,0,5G,-98,-17,1.0,11,-89,10505,105,D
538,2019.12.19,,15.10.29,,0,5G,-99,-15,4.0,15,-87,10831,108,D
540,2019.12.19,,15.10.31,,0,5G,-99,-16,12.0,12,-89,10361,110,D
542,2019.12.19,,15.10.34,,0,5G,-99,-15,5.0,12,-89,10543,102,D
544,2019.12.19,,15.10.36,,0,5G,-100,-11,5.0,12,-89,9950,86,D
545,2019.12.19,,15.10.37,,0,5G,-99,-11,6.0,12,-89,6043,62,D
546,2019.12.19,,15.10.38,,0,5G,-99,-11,6.0,12,-89,244,1,D
547,2019.12.19,,15.10.39,,0,5G,-99,-12,-1.0,14,-87,4320,59,D
548,2019.12.19,,15.10.40,,0,5G,-99,-12,-1.0,13,-89,3178,24,D
549,2019.12.19,,15.10.41,,0,5G,-98,-12,2.0,13,-89,10625,110,D
550,2019.12.19,,15.10.42,,0,5G,-98,-12,2.0,13,-89,45,17,D
551,2019.12.19,,15.10.43,,0,5G,-98,-14,5.0,13,-89,10210,100,D
553,2019.12.19,,15.10.46,,0,5G,-100,-16,2.0,12,-90,9769,83,D
555,2019.12.19,,15.10.48,,0,5G,-99,-16,3.0,14,-86,10958,83,D
556,2019.12.19,,15.10.49,,0,5G,-99,-16,3.0,14,-86,6161,65,D
557,2019.12.19,,15.10.50,,0,5G,-98,-15,4.0,15,-88,921,7,D
558,2019.12.19,,15.10.51,,0,5G,-98,-15,4.0,15,-88,9761,87,D
560,2019.12.19,,15.10.53,,0,5G,-99,-15,7.0,10,-90,10302,100,D
562,2019.12.19,,15.10.55,,0,5G,-98,-15,3.0,10,-90,10556,102,D
564,2019.12.19,,15.10.57,,0,5G,-100,-14,2.0,15,-90,10836,100,D
566,2019.12.19,,15.11.00,,0,5G,-100,-13,6.0,15,-88,10449,102,D
568,2019.12.19,,15.11.02,,0,5G,-99,-11,5.0,15,-88,7476,68,D
569,2019.12.19,,15.11.03,,0,5G,-100,-13,2.0,15,-88,6436,62,D
570,2019.12.19,,15.11.04,,0,5G,-100,-13,2.0,15,-88,878,7,D
571,2019.12.19,,15.11.05,,0,5G,-98,-12,6.0,15,-90,5753,61,D
572,2019.12.19,,15.11.06,,0,5G,-98,-12,6.0,15,-92,1599,787,D
573,2019.12.19,,15.11.07,,0,5G,-97,-11,8.0,15,-89,10498,487,D
575,2019.12.19,,15.11.09,,0,5G,-98,-12,3.0,15,-89,10951,92,D
577,2019.12.19,,15.11.12,,0,5G,-100,-16,7.0,15,-89,10689,98,D
579,2019.12.19,,15.11.14,,0,5G,-99,-16,2.0,9,-87,8039,66,D
580,2019.12.19,,15.11.15,,0,5G,-99,-16,2.0,9,-87,3304,44,D
581,2019.12.19,,15.11.16,,0,5G,-100,-13,4.0,9,-87,5393,45,D
582,2019.12.19,,15.11.17,,0,5G,-100,-13,4.0,15,-85,10467,97,D
584,2019.12.19,,15.11.19,,0,5G,-100,-14,5.0,15,-85,10456,96,D
586,2019.12.19,,15.11.21,,0,5G,-99,-14,2.0,13,-87,10532,97,D
588,2019.12.19,,15.11.24,,0,5G,-98,-12,-1.0,15,-87,10369,87,D
590,2019.12.19,,15.11.26,,0,5G,-99,-16,6.0,15,-87,10447,98,D
591,2019.12.19,,15.11.27,,0,5G,-99,-15,2.0,15,-90,1396,23,D
592,2019.12.19,,15.11.28,,0,5G,-99,-15,2.0,14,-86,5770,39,D
593,2019.12.19,,15.11.29,,0,5G,-100,-17,5.0,14,-86,9551,91,D
595,2019.12.19,,15.11.31,,0,5G,-100,-17,2.0,14,-85,12233,112,D
597,2019.12.19,,15.11.33,,0,5G,-100,-12,1.0,14,-85,8788,98,D
598,2019.12.19,,15.11.34,,0,5G,-100,-12,1.0,15,-87,290,10,D
599,2019.12.19,,15.11.35,,0,5G,-100,-15,4.0,15,-87,11308,100,D
601,2019.12.19,,15.11.38,,0,5G,-100,-14,5.0,15,-87,10414,103,D
603,2019.12.19,,15.11.40,,0,5G,-100,-14,4.0,15,-87,9851,86,D
604,2019.12.19,,15.11.41,,0,5G,-100,-14,4.0,15,-87,5654,58,D
605,2019.12.19,,15.11.42,,0,5G,-100,-11,4.0,15,-87,2162,16,D
606,2019.12.19,,15.11.43,,0,5G,-100,-11,4.0,12,-89,6595,195,D
607,2019.12.19,,15.11.44,,0,5G,-99,-15,4.0,14,-87,2340,20,D
608,2019.12.19,,15.11.45,,0,5G,-99,-15,4.0,14,-87,10271,99,D
609,2019.12.19,,15.11.46,,0,5G,-99,-14,2.0,14,-87,275,8,D
610,2019.12.19,,15.11.47,,0,5G,-99,-14,2.0,14,-87,10156,94,D
612,2019.12.19,,15.11.50,,0,5G,-99,-11,3.0,15,-85,9004,96,D
614,2019.12.19,,15.11.52,,0,5G,-99,-12,6.0,15,-87,8026,79,D
615,2019.12.19,,15.11.53,,0,5G,-101,-14,-1.0,15,-87,4121,44,D
616,2019.12.19,,15.11.54,,0,5G,-101,-14,-1.0,15,-87,3955,34,D
617,2019.12.19,,15.11.55,,0,5G,-99,-18,1.0,13,-85,9780,99,D
618,2019.12.19,,15.11.56,,0,5G,-99,-18,1.0,13,-85,273,9,D
619,2019.12.19,,15.11.57,,0,5G,-99,-14,1.0,11,-87,9587,90,D
621,2019.12.19,,15.11.59,,0,5G,-100,-16,1.0,11,-89,10910,106,D
623,2019.12.19,,15.12.01,,0,5G,-102,-16,-4.0,10,-87,12496,110,D
625,2019.12.19,,15.12.04,,0,5G,-102,-16,3.0,15,-87,10704,106,D
626,2019.12.19,,15.12.05,,0,5G,-102,-16,3.0,15,-87,987,18,D
627,2019.12.19,,15.12.06,,0,5G,-100,-16,-1.0,15,-87,5114,49,D
629,2019.12.19,,15.12.08,,0,5G,-100,-12,2.0,11,-85,12788,786,D
630,2019.12.19,,15.12.09,,0,5G,-100,-12,2.0,8,-87,3041,38,D
631,2019.12.19,,15.12.10,,0,5G,-99,-14,3.0,8,-87,6249,73,D
632,2019.12.19,,15.12.11,,0,5G,-99,-14,3.0,15,-87,9253,86,D
633,2019.12.19,,15.12.12,,0,5G,-98,-14,2.0,15,-87,274,6,D
634,2019.12.19,,15.12.13,,0,5G,-98,-14,2.0,15,-87,9488,86,D
636,2019.12.19,,15.12.16,,0,5G,-100,-16,2.0,11,-90,13664,124,D
638,2019.12.19,,15.12.18,,0,5G,-99,-17,3.0,9,-88,10596,95,D
639,2019.12.19,,15.12.19,,0,5G,-99,-15,10.0,9,-88,3852,37,D
640,2019.12.19,,15.12.20,,0,5G,-99,-15,10.0,9,-88,2019,15,D
641,2019.12.19,,15.12.21,,0,5G,-98,-17,3.0,9,-88,8812,84,D
643,2019.12.19,,15.12.23,,0,5G,-98,-12,3.0,10,-90,10578,108,D
644,2019.12.19,,15.12.24,,0,5G,-98,-12,3.0,10,-90,270,5,D
645,2019.12.19,,15.12.25,,0,5G,-98,-13,3.0,10,-90,9591,88,D
646,2019.12.19,,15.12.26,,0,5G,-98,-13,3.0,14,-88,273,6,D
647,2019.12.19,,15.12.27,,0,5G,-101,-10,-2.0,14,-88,12420,108,D
648,2019.12.19,,15.12.29,,0,5G,-101,-10,-2.0,14,-88,286,508,D
649,2019.12.19,,15.12.30,,0,5G,-101,-12,-1.0,14,-88,9560,538,D
650,2019.12.19,,15.12.31,,0,5G,-101,-12,-1.0,11,-85,1668,284,D
651,2019.12.19,,15.12.32,,0,5G,-100,-17,1.0,11,-85,4772,825,D
652,2019.12.19,,15.12.33,,0,5G,-100,-17,1.0,11,-85,4742,594,D
653,2019.12.19,,15.12.34,,0,5G,-101,-14,2.0,10,-87,4620,872,D
654,2019.12.19,,15.12.35,,0,5G,-101,-14,2.0,10,-87,7171,1175,D
655,2019.12.19,,15.12.36,,0,5G,-99,-12,4.0,10,-87,299,1112,D
656,2019.12.19,,15.12.37,,0,5G,-99,-12,4.0,10,-87,8349,1206,D
657,2019.12.19,,15.12.38,,0,5G,-99,-12,3.0,10,-87,23,1112,D
658,2019.12.19,,15.12.39,,0,5G,-99,-12,3.0,10,-87,11752,1224,D
659,2019.12.19,,15.12.41,,0,5G,-102,-12,4.0,11,-89,22,1113,D
660,2019.12.19,,15.12.42,,0,5G,-102,-12,4.0,12,-87,8391,644,D
661,2019.12.19,,15.12.43,,0,5G,-99,-12,2.0,12,-87,4602,621,D
662,2019.12.19,,15.12.44,,0,5G,-99,-12,2.0,12,-85,8825,640,D
663,2019.12.19,,15.12.45,,0,5G,-98,-16,4.0,12,-85,2534,1135,D
664,2019.12.19,,15.12.46,,0,5G,-98,-16,4.0,10,-87,5108,616,D
665,2019.12.19,,15.12.47,,0,5G,-99,-14,1.0,10,-87,5122,1083,D
666,2019.12.19,,15.12.48,,0,5G,-99,-14,1.0,10,-87,6072,70,D
667,2019.12.19,,15.12.49,,0,5G,-99,-12,4.0,10,-87,8408,82,D
668,2019.12.19,,15.12.50,,0,5G,-99,-12,4.0,10,-87,276,6,D
669,2019.12.19,,15.12.51,,0,5G,-99,-15,4.0,10,-87,11767,114,D
670,2019.12.19,,15.12.52,,0,5G,-99,-15,4.0,10,-87,275,7,D
671,2019.12.19,,15.12.54,,0,5G,-101,-12,4.0,10,-87,9999,86,D
672,2019.12.19,,15.12.55,,0,5G,-101,-12,4.0,10,-87,284,10,D
673,2019.12.19,,15.12.56,,0,5G,-98,-15,4.0,10,-87,7259,71,D
674,2019.12.19,,15.12.57,,0,5G,-98,-15,4.0,10,-87,6400,60,D
675,2019.12.19,,15.12.58,,0,5G,-100,-15,1.0,10,-87,1335,17,D
676,2019.12.19,,15.12.59,,0,5G,-100,-15,1.0,15,-90,5618,59,D
677,2019.12.19,,15.13.00,,0,5G,-100,-14,3.0,12,-87,6393,52,D
678,2019.12.19,,15.13.01,,0,5G,-100,-14,3.0,13,-91,10028,102,D
680,2019.12.19,,15.13.03,,0,5G,-102,-17,1.0,12,-88,10197,100,D
681,2019.12.19,,15.13.04,,0,5G,-101,-18,2.0,12,-88,271,9,D
682,2019.12.19,,15.13.05,,0,5G,-101,-18,2.0,12,-88,11714,110,D
683,2019.12.19,,15.13.07,,0,5G,-101,-18,2.0,11,-86,296,1085,D
684,2019.12.19,,15.13.08,,0,5G,-101,-18,2.0,11,-86,1645,36,D
685,2019.12.19,,15.13.09,,0,5G,-102,-18,-1.0,15,-88,16323,430,D
686,2019.12.19,,15.13.10,,0,5G,-102,-18,-1.0,11,-85,274,9,D
687,2019.12.19,,15.13.11,,0,5G,-101,-16,-3.0,15,-87,7942,80,D
688,2019.12.19,,15.13.12,,0,5G,-101,-16,-3.0,15,-87,273,8,D
689,2019.12.19,,15.13.13,,0,5G,-100,-13,6.0,15,-87,9226,84,D
690,2019.12.19,,15.13.14,,0,5G,-100,-13,6.0,15,-87,273,9,D
691,2019.12.19,,15.13.15,,0,5G,-101,-15,-1.0,15,-87,10935,106,D
692,2019.12.19,,15.13.16,,0,5G,-101,-15,-1.0,14,-85,17,0,D
693,2019.12.19,,15.13.17,,0,5G,-99,-12,4.0,14,-88,10200,97,D
694,2019.12.19,,15.13.18,,0,5G,-99,-12,4.0,14,-88,301,42,D
695,2019.12.19,,15.13.20,,0,5G,-99,-15,6.0,14,-88,11455,122,D
696,2019.12.19,,15.13.21,,0,5G,-99,-15,6.0,14,-88,98,8,D
697,2019.12.19,,15.13.22,,0,5G,-100,-16,2.0,14,-88,8456,83,D
698,2019.12.19,,15.13.23,,0,5G,-100,-16,2.0,14,-88,4618,49,D
699,2019.12.19,,15.13.24,,0,5G,-100,-15,5.0,15,-90,2022,24,D
700,2019.12.19,,15.13.25,,0,5G,-100,-15,5.0,15,-90,11607,102,D
701,2019.12.19,,15.13.26,,0,5G,-100,-12,2.0,10,-88,275,8,D
702,2019.12.19,,15.13.27,,0,5G,-100,-12,2.0,10,-88,10805,104,D
703,2019.12.19,,15.13.28,,0,5G,-101,-13,1.0,10,-88,269,9,D
704,2019.12.19,,15.13.29,,0,5G,-101,-13,1.0,10,-88,8456,85,D
705,2019.12.19,,15.13.30,,0,5G,-101,-15,-1.0,10,-88,274,9,D
706,2019.12.19,,15.13.32,,0,5G,-101,-15,-1.0,10,-88,8600,86,D
707,2019.12.19,,15.13.33,,0,5G,-101,-18,1.0,10,-88,261,4,D
708,2019.12.19,,15.13.34,,0,5G,-101,-18,1.0,15,-86,10655,107,D
709,2019.12.19,,15.13.35,,0,5G,-101,-18,-3.0,15,-86,2907,32,D
710,2019.12.19,,15.13.36,,0,5G,-101,-18,-3.0,15,-86,4027,33,D
711,2019.12.19,,15.13.37,,0,5G,-98,-16,4.0,11,-88,9628,93,D
712,2019.12.19,,15.13.38,,0,5G,-98,-16,4.0,11,-88,272,8,D
713,2019.12.19,,15.13.39,,0,5G,-101,-19,9.0,15,-86,9881,87,D
714,2019.12.19,,15.13.40,,0,5G,-101,-19,9.0,15,-86,273,7,D
715,2019.12.19,,15.13.41,,0,5G,-99,-19,3.0,15,-86,9476,93,D
716,2019.12.19,,15.13.42,,0,5G,-99,-19,3.0,15,-86,318,26,D
717,2019.12.19,,15.13.43,,0,5G,-101,-18,3.0,15,-86,9670,92,D
718,2019.12.19,,15.13.44,,0,5G,-101,-18,3.0,15,-86,269,7,D
719,2019.12.19,,15.13.46,,0,5G,-99,-17,6.0,13,-90,10313,92,D
720,2019.12.19,,15.13.47,,0,5G,-99,-17,6.0,13,-90,472,13,D
721,2019.12.19,,15.13.48,,0,5G,-100,-18,2.0,12,-87,7328,72,D
722,2019.12.19,,15.13.49,,0,5G,-100,-18,2.0,11,-85,5627,57,D
723,2019.12.19,,15.13.50,,0,5G,-101,-19,3.0,15,-87,4313,36,D
724,2019.12.19,,15.13.51,,0,5G,-101,-19,3.0,15,-87,11205,103,D
725,2019.12.19,,15.13.52,,0,5G,-101,-18,2.0,15,-87,273,10,D
726,2019.12.19,,15.13.53,,0,5G,-101,-18,2.0,12,-89,10060,99,D
727,2019.12.19,,15.13.54,,0,5G,-101,-16,1.0,12,-89,272,7,D
728,2019.12.19,,15.13.55,,0,5G,-101,-16,1.0,11,-87,9254,81,D
729,2019.12.19,,15.13.56,,0,5G,-100,-17,2.0,11,-87,272,7,D
730,2019.12.19,,15.13.58,,0,5G,-100,-17,2.0,11,-87,8626,87,D
731,2019.12.19,,15.13.59,,0,5G,-99,-17,4.0,11,-87,276,10,D
732,2019.12.19,,15.14.00,,0,5G,-99,-17,4.0,11,-87,7684,79,D
733,2019.12.19,,15.14.01,,0,5G,-98,-18,3.0,10,-89,4051,36,D
734,2019.12.19,,15.14.02,,0,5G,-98,-18,3.0,10,-89,6211,61,D
735,2019.12.19,,15.14.03,,0,5G,-98,-17,5.0,10,-89,9615,99,D
736,2019.12.19,,15.14.04,,0,5G,-98,-17,5.0,10,-89,271,9,D
737,2019.12.19,,15.14.05,,0,5G,-98,-13,1.0,10,-89,10237,95,D
738,2019.12.19,,15.14.06,,0,5G,-98,-13,1.0,10,-89,292,838,D
739,2019.12.19,,15.14.07,,0,5G,-98,-16,6.0,10,-89,10825,122,D
740,2019.12.19,,15.14.08,,0,5G,-98,-16,6.0,10,-89,269,8,D
741,2019.12.19,,15.14.09,,0,5G,-101,-17,7.0,10,-87,10507,93,D
742,2019.12.19,,15.14.11,,0,5G,-101,-17,7.0,14,-89,277,8,D
743,2019.12.19,,15.14.12,,0,5G,-100,-16,3.0,11,-87,8368,78,D
744,2019.12.19,,15.14.13,,0,5G,-100,-16,3.0,9,-89,2892,32,D
745,2019.12.19,,15.14.14,,0,5G,-100,-18,1.0,9,-89,3052,32,D
746,2019.12.19,,15.14.15,,0,5G,-100,-18,1.0,9,-89,10347,97,D
747,2019.12.19,,15.14.16,,0,5G,-100,-18,2.0,14,-87,268,8,D
748,2019.12.19,,15.14.17,,0,5G,-100,-18,2.0,14,-87,12949,119,D
749,2019.12.19,,15.14.18,,0,5G,-100,-18,2.0,14,-87,272,12,D
750,2019.12.19,,15.14.19,,0,5G,-100,-18,2.0,14,-87,9915,99,D
751,2019.12.19,,15.14.20,,0,5G,-100,-14,6.0,14,-87,273,8,D
752,2019.12.19,,15.14.21,,0,5G,-100,-14,6.0,14,-87,10428,96,D
753,2019.12.19,,15.14.23,,0,5G,-100,-15,2.0,14,-85,273,9,D
754,2019.12.19,,15.14.24,,0,5G,-100,-15,2.0,14,-85,10754,97,D
755,2019.12.19,,15.14.25,,0,5G,-99,-17,3.0,14,-85,11,5,D
756,2019.12.19,,15.14.26,,0,5G,-99,-17,3.0,14,-85,6676,53,D
757,2019.12.19,,15.14.27,,0,5G,-100,-17,4.0,14,-85,7994,79,D
758,2019.12.19,,15.14.28,,0,5G,-100,-17,4.0,11,-87,273,8,D
759,2019.12.19,,15.14.29,,0,5G,-100,-14,4.0,11,-87,10212,90,D
760,2019.12.19,,15.14.30,,0,5G,-100,-14,4.0,11,-85,271,7,D
761,2019.12.19,,15.14.31,,0,5G,-100,-14,1.0,11,-85,10241,95,D
762,2019.12.19,,15.14.32,,0,5G,-100,-14,1.0,15,-87,272,9,D
763,2019.12.19,,15.14.33,,0,5G,-100,-13,-1.0,15,-87,10048,98,D
764,2019.12.19,,15.14.35,,0,5G,-100,-13,-1.0,15,-87,273,9,D
765,2019.12.19,,15.14.36,,0,5G,-98,-12,3.0,15,-87,10160,86,D
766,2019.12.19,,15.14.37,,0,5G,-98,-12,3.0,11,-85,272,11,D
767,2019.12.19,,15.14.38,,0,5G,-99,-12,1.0,11,-85,7730,71,D
768,2019.12.19,,15.14.39,,0,5G,-99,-12,1.0,11,-85,6021,54,D
769,2019.12.19,,15.14.40,,0,5G,-100,-15,2.0,11,-85,1763,25,D
770,2019.12.19,,15.14.41,,0,5G,-100,-15,2.0,11,-85,10345,95,D
771,2019.12.19,,15.14.42,,0,5G,-100,-16,1.0,11,-85,272,8,D
772,2019.12.19,,15.14.43,,0,5G,-100,-16,1.0,11,-85,9296,92,D
773,2019.12.19,,15.14.44,,0,5G,-100,-16,2.0,12,-87,274,9,D
774,2019.12.19,,15.14.45,,0,5G,-100,-16,2.0,12,-87,10400,97,D
775,2019.12.19,,15.14.46,,0,5G,-99,-14,11.0,12,-87,273,7,D
776,2019.12.19,,15.14.48,,0,5G,-99,-14,11.0,12,-87,10214,95,D
777,2019.12.19,,15.14.49,,0,5G,-99,-14,2.0,13,-89,270,12,D
778,2019.12.19,,15.14.50,,0,5G,-99,-14,2.0,14,-86,8992,77,D
779,2019.12.19,,15.14.51,,0,5G,-100,-17,4.0,14,-86,2537,30,D
780,2019.12.19,,15.14.52,,0,5G,-100,-17,4.0,14,-86,7482,70,D
781,2019.12.19,,15.14.53,,0,5G,-100,-14,0.0,14,-86,10018,94,D
782,2019.12.19,,15.14.54,,0,5G,-100,-14,0.0,14,-86,277,10,D
783,2019.12.19,,15.14.55,,0,5G,-99,-13,6.0,14,-88,9945,92,D
784,2019.12.19,,15.14.56,,0,5G,-99,-13,6.0,11,-85,271,9,D
785,2019.12.19,,15.14.57,,0,5G,-100,-13,7.0,11,-85,9745,91,D
786,2019.12.19,,15.14.58,,0,5G,-100,-13,7.0,11,-85,274,7,D
787,2019.12.19,,15.14.59,,0,5G,-101,-14,-3.0,11,-87,10369,98,D
788,2019.12.19,,15.15.01,,0,5G,-101,-14,-3.0,11,-87,271,8,D
789,2019.12.19,,15.15.02,,0,5G,-100,-15,7.0,11,-87,10013,92,D
790,2019.12.19,,15.15.03,,0,5G,-100,-15,7.0,11,-87,4007,50,D
791,2019.12.19,,15.15.04,,0,5G,-100,-16,0.0,14,-85,3749,40,D
792,2019.12.19,,15.15.05,,0,5G,-100,-16,0.0,14,-85,10927,90,D
793,2019.12.19,,15.15.06,,0,5G,-99,-17,-5.0,14,-85,272,110,D
794,2019.12.19,,15.15.07,,0,5G,-99,-17,-5.0,14,-85,10668,799,D
795,2019.12.19,,15.15.08,,0,5G,-100,-14,0.0,14,-85,276,9,D
796,2019.12.19,,15.15.09,,0,5G,-100,-14,0.0,14,-85,10138,92,D
797,2019.12.19,,15.15.10,,0,5G,-100,-14,3.0,14,-85,271,7,D
798,2019.12.19,,15.15.11,,0,5G,-100,-14,3.0,14,-86,10473,96,D
799,2019.12.19,,15.15.13,,0,5G,-99,-18,3.0,14,-86,270,8,D
800,2019.12.19,,15.15.14,,0,5G,-99,-18,3.0,14,-86,10306,99,D
801,2019.12.19,,15.15.15,,0,5G,-99,-14,0.0,14,-86,1369,24,D
802,2019.12.19,,15.15.16,,0,5G,-99,-14,0.0,14,-86,5669,57,D
803,2019.12.19,,15.15.17,,0,5G,-99,-14,-2.0,14,-86,7755,73,D
804,2019.12.19,,15.15.18,,0,5G,-99,-14,-2.0,14,-86,274,7,D
805,2019.12.19,,15.15.19,,0,5G,-99,-13,-1.0,14,-86,8198,86,D
806,2019.12.19,,15.15.20,,0,5G,-99,-13,-1.0,14,-86,270,9,D
807,2019.12.19,,15.15.21,,0,5G,-100,-14,-1.0,14,-86,10634,101,D
808,2019.12.19,,15.15.22,,0,5G,-100,-14,-1.0,14,-86,273,8,D
809,2019.12.19,,15.15.23,,0,5G,-99,-11,7.0,11,-84,10059,91,D
810,2019.12.19,,15.15.25,,0,5G,-99,-11,7.0,11,-84,273,8,D
811,2019.12.19,,15.15.26,,0,5G,-99,-12,3.0,12,-86,10456,95,D
812,2019.12.19,,15.15.27,,0,5G,-99,-12,3.0,12,-86,274,12,D
813,2019.12.19,,15.15.28,,0,5G,-99,-12,5.0,12,-86,6973,61,D
814,2019.12.19,,15.15.29,,0,5G,-99,-12,5.0,12,-86,7478,77,D
815,2019.12.19,,15.15.30,,0,5G,-99,-12,4.0,14,-88,725,11,D
816,2019.12.19,,15.15.31,,0,5G,-99,-12,4.0,14,-88,9204,86,D
817,2019.12.19,,15.15.32,,0,5G,-99,-12,3.0,15,-86,275,10,D
818,2019.12.19,,15.15.33,,0,5G,-99,-12,3.0,15,-86,10218,105,D
819,2019.12.19,,15.15.34,,0,5G,-99,-13,4.0,15,-86,275,9,D
820,2019.12.19,,15.15.35,,0,5G,-99,-13,4.0,15,-86,10256,93,D
822,2019.12.19,,15.15.38,,0,5G,-99,-12,4.0,15,-86,11098,111,D
823,2019.12.19,,15.15.39,,0,5G,-99,-13,5.0,15,-86,274,9,D
824,2019.12.19,,15.15.40,,0,5G,-99,-13,5.0,15,-86,8626,78,D
825,2019.12.19,,15.15.41,,0,5G,-99,-15,8.0,15,-86,4552,48,D
826,2019.12.19,,15.15.42,,0,5G,-99,-15,8.0,15,-86,2377,24,D
827,2019.12.19,,15.15.43,,0,5G,-99,-13,2.0,15,-86,10091,95,D
828,2019.12.19,,15.15.44,,0,5G,-99,-13,2.0,15,-86,272,9,D
829,2019.12.19,,15.15.45,,0,5G,-99,-12,6.0,15,-86,10913,104,D
830,2019.12.19,,15.15.46,,0,5G,-99,-12,6.0,15,-84,275,9,D
831,2019.12.19,,15.15.47,,0,5G,-99,-15,4.0,15,-84,10399,97,D
832,2019.12.19,,15.15.48,,0,5G,-99,-15,4.0,15,-84,275,9,D
833,2019.12.19,,15.15.50,,0,5G,-97,-16,3.0,12,-87,9967,98,D
834,2019.12.19,,15.15.51,,0,5G,-97,-16,3.0,12,-87,273,9,D
835,2019.12.19,,15.15.52,,0,5G,-98,-11,5.0,12,-87,9296,92,D
836,2019.12.19,,15.15.53,,0,5G,-98,-11,5.0,12,-89,3320,34,D
837,2019.12.19,,15.15.54,,0,5G,-99,-11,3.0,15,-85,4603,46,D
838,2019.12.19,,15.15.55,,0,5G,-99,-11,3.0,15,-85,3879,41,D
839,2019.12.19,,15.15.56,,0,5G,-97,-11,5.0,15,-85,3107,26,D
840,2019.12.19,,15.15.57,,0,5G,-97,-11,5.0,15,-85,9502,93,D
841,2019.12.19,,15.15.58,,0,5G,-100,-11,4.0,15,-85,273,9,D
842,2019.12.19,,15.15.59,,0,5G,-100,-11,4.0,15,-85,11499,104,D
843,2019.12.19,,15.16.00,,0,5G,-99,-14,3.0,15,-85,271,9,D
844,2019.12.19,,15.16.02,,0,5G,-99,-14,3.0,15,-88,9962,88,D
845,2019.12.19,,15.16.03,,0,5G,-98,-11,4.0,14,-86,274,8,D
846,2019.12.19,,15.16.04,,0,5G,-98,-11,4.0,15,-84,10795,94,D
847,2019.12.19,,15.16.05,,0,5G,-100,-14,0.0,15,-86,3558,38,D
848,2019.12.19,,15.16.06,,0,5G,-100,-14,0.0,15,-86,2451,28,D
849,2019.12.19,,15.16.07,,0,5G,-98,-12,2.0,15,-86,9185,1176,D
850,2019.12.19,,15.16.08,,0,5G,-98,-12,2.0,15,-86,271,9,D
851,2019.12.19,,15.16.09,,0,5G,-98,-12,7.0,15,-86,11770,111,D
852,2019.12.19,,15.16.10,,0,5G,-98,-12,7.0,15,-86,275,9,D
853,2019.12.19,,15.16.11,,0,5G,-98,-11,6.0,15,-86,10270,95,D
854,2019.12.19,,15.16.12,,0,5G,-98,-11,6.0,15,-86,274,10,D
855,2019.12.19,,15.16.13,,0,5G,-99,-14,4.0,15,-86,10889,99,D
856,2019.12.19,,15.16.15,,0,5G,-99,-14,4.0,15,-86,274,9,D
857,2019.12.19,,15.16.16,,0,5G,-99,-17,3.0,15,-86,9493,81,D
858,2019.12.19,,15.16.17,,0,5G,-99,-17,3.0,15,-86,3669,45,D
859,2019.12.19,,15.16.18,,0,5G,-99,-14,5.0,15,-86,4579,41,D
860,2019.12.19,,15.16.19,,0,5G,-99,-14,5.0,15,-86,8252,72,D
861,2019.12.19,,15.16.20,,0,5G,-100,-15,0.0,15,-86,275,9,D
862,2019.12.19,,15.16.21,,0,5G,-100,-15,0.0,15,-86,11364,95,D
863,2019.12.19,,15.16.22,,0,5G,-99,-15,0.0,15,-86,272,8,D
864,2019.12.19,,15.16.23,,0,5G,-99,-15,0.0,15,-86,10543,90,D
865,2019.12.19,,15.16.24,,0,5G,-98,-11,3.0,15,-86,271,8,D
866,2019.12.19,,15.16.25,,0,5G,-98,-11,3.0,15,-86,9807,90,D
867,2019.12.19,,15.16.26,,0,5G,-99,-16,3.0,15,-86,273,8,D
868,2019.12.19,,15.16.28,,0,5G,-99,-16,3.0,15,-86,10021,95,D
869,2019.12.19,,15.16.29,,0,5G,-98,-15,3.0,15,-86,275,9,D
870,2019.12.19,,15.16.30,,0,5G,-98,-15,3.0,11,-84,9645,100,D
871,2019.12.19,,15.16.31,,0,5G,-98,-16,1.0,11,-84,4103,48,D
872,2019.12.19,,15.16.32,,0,5G,-98,-16,1.0,11,-84,2589,25,D
873,2019.12.19,,15.16.33,,0,5G,-100,-18,3.0,11,-84,9666,87,D
874,2019.12.19,,15.16.34,,0,5G,-100,-18,3.0,11,-84,273,9,D
875,2019.12.19,,15.16.35,,0,5G,-100,-19,2.0,11,-84,9858,97,D
876,2019.12.19,,15.16.36,,0,5G,-100,-19,2.0,11,-84,1177,19,D
877,2019.12.19,,15.16.37,,0,5G,-100,-18,3.0,11,-84,10728,100,D
878,2019.12.19,,15.16.38,,0,5G,-100,-18,3.0,11,-,271,8,D
879,2019.12.19,,15.16.39,,0,5G,-100,-16,4.0,11,-,9023,87,D
880,2019.12.19,,15.16.41,,0,5G,-100,-16,4.0,11,-,272,8,D
881,2019.12.19,,15.16.42,,0,5G,-100,-12,6.0,15,-,10921,103,D
882,2019.12.19,,15.16.43,,0,5G,-100,-12,6.0,15,-,1044,41,D
883,2019.12.19,,15.16.44,,0,5G,-100,-17,2.0,15,-,7146,63,D
884,2019.12.19,,15.16.45,,0,5G,-100,-17,2.0,15,-88,5030,58,D
885,2019.12.19,,15.16.46,,0,5G,-103,-15,-1.0,9,-86,5932,57,D
886,2019.12.19,,15.16.47,,0,5G,-103,-15,-1.0,8,-89,10128,87,D
887,2019.12.19,,15.16.48,,0,5G,-99,-17,1.0,8,-85,268,8,D
888,2019.12.19,,15.16.49,,0,5G,-99,-17,1.0,8,-85,9501,85,D
889,2019.12.19,,15.16.50,,0,5G,-97,-17,4.0,15,-87,273,9,D
890,2019.12.19,,15.16.51,,0,5G,-97,-17,4.0,15,-89,9521,92,D
891,2019.12.19,,15.16.52,,0,5G,-97,-15,5.0,15,-89,274,9,D
892,2019.12.19,,15.16.54,,0,5G,-97,-15,5.0,15,-89,10745,105,D
893,2019.12.19,,15.16.55,,0,5G,-98,-14,2.0,15,-89,406,15,D
894,2019.12.19,,15.16.56,,0,5G,-98,-14,2.0,15,-89,7001,60,D
895,2019.12.19,,15.16.57,,0,5G,-97,-16,4.0,15,-89,6502,67,D
896,2019.12.19,,15.16.58,,0,5G,-97,-16,4.0,15,-89,272,8,D
897,2019.12.19,,15.16.59,,0,5G,-97,-16,4.0,15,-89,11515,103,D
898,2019.12.19,,15.17.00,,0,5G,-97,-16,4.0,15,-89,272,8,D
899,2019.12.19,,15.17.01,,0,5G,-97,-16,3.0,15,-89,9139,84,D
900,2019.12.19,,15.17.02,,0,5G,-97,-16,3.0,15,-89,275,9,D
901,2019.12.19,,15.17.03,,0,5G,-97,-17,5.0,15,-89,10231,93,D
902,2019.12.19,,15.17.04,,0,5G,-97,-17,5.0,15,-89,271,9,D
903,2019.12.19,,15.17.06,,0,5G,-98,-15,4.0,15,-89,11494,110,D
904,2019.12.19,,15.17.07,,0,5G,-98,-15,4.0,15,-89,309,1098,D
905,2019.12.19,,15.17.08,,0,5G,-99,-19,1.0,9,-87,9886,87,D
906,2019.12.19,,15.17.09,,0,5G,-99,-19,1.0,9,-87,5024,52,D
907,2019.12.19,,15.17.10,,0,5G,-98,-18,4.0,9,-85,2234,26,D
908,2019.12.19,,15.17.11,,0,5G,-98,-18,4.0,9,-85,10761,94,D
909,2019.12.19,,15.17.12,,0,5G,-100,-16,1.0,9,-85,272,9,D
910,2019.12.19,,15.17.13,,0,5G,-100,-16,1.0,9,-85,10850,103,D
911,2019.12.19,,15.17.14,,0,5G,-99,-18,3.0,9,-85,274,9,D
912,2019.12.19,,15.17.15,,0,5G,-99,-18,3.0,14,-87,10934,98,D
913,2019.12.19,,15.17.16,,0,5G,-99,-17,2.0,11,-85,274,8,D
914,2019.12.19,,15.17.17,,0,5G,-99,-17,2.0,11,-85,9883,94,D
915,2019.12.19,,15.17.19,,0,5G,-99,-16,4.0,11,-85,273,9,D
916,2019.12.19,,15.17.20,,0,5G,-99,-16,4.0,11,-85,9547,85,D
917,2019.12.19,,15.17.21,,0,5G,-98,-17,3.0,12,-88,3306,40,D
918,2019.12.19,,15.17.22,,0,5G,-98,-17,3.0,10,-86,4023,34,D
919,2019.12.19,,15.17.23,,0,5G,-99,-18,3.0,10,-86,8939,89,D
920,2019.12.19,,15.17.24,,0,5G,-99,-18,3.0,11,-89,275,9,D
921,2019.12.19,,15.17.25,,0,5G,-99,-19,3.0,11,-89,9408,90,D
922,2019.12.19,,15.17.26,,0,5G,-99,-19,3.0,11,-89,273,9,D
923,2019.12.19,,15.17.27,,0,5G,-100,-17,0.0,15,-87,7693,78,D
924,2019.12.19,,15.17.28,,0,5G,-100,-17,0.0,15,-87,271,9,D
925,2019.12.19,,15.17.29,,0,5G,-99,-17,1.0,15,-87,10486,99,D
926,2019.12.19,,15.17.30,,0,5G,-99,-17,1.0,15,-87,276,7,D
927,2019.12.19,,15.17.32,,0,5G,-100,-16,3.0,14,-85,11413,114,D
929,2019.12.19,,15.17.34,,0,5G,-100,-14,2.0,14,-85,9070,79,D
930,2019.12.19,,15.17.35,,0,5G,-100,-14,2.0,14,-85,7459,77,D
931,2019.12.19,,15.17.36,,0,5G,-101,-14,3.0,14,-85,384,8,D
932,2019.12.19,,15.17.37,,0,5G,-101,-14,3.0,14,-85,9980,94,D
933,2019.12.19,,15.17.38,,0,5G,-99,-14,3.0,14,-85,273,9,D
934,2019.12.19,,15.17.39,,0,5G,-99,-14,3.0,15,-87,10078,91,D
935,2019.12.19,,15.17.40,,0,5G,-99,-17,1.0,15,-87,275,9,D
936,2019.12.19,,15.17.41,,0,5G,-99,-17,1.0,15,-89,11174,104,D
937,2019.12.19,,15.17.42,,0,5G,-99,-17,5.0,14,-85,273,9,D
938,2019.12.19,,15.17.43,,0,5G,-99,-17,5.0,14,-85,10603,97,D
939,2019.12.19,,15.17.45,,0,5G,-99,-13,10.0,12,-88,273,8,D
940,2019.12.19,,15.17.46,,0,5G,-99,-13,10.0,12,-88,9909,81,D
941,2019.12.19,,15.17.47,,0,5G,-98,-16,2.0,12,-88,3296,43,D
942,2019.12.19,,15.17.48,,0,5G,-98,-16,2.0,8,-86,4176,37,D
943,2019.12.19,,15.17.49,,0,5G,-99,-13,2.0,8,-86,7397,73,D
944,2019.12.19,,15.17.50,,0,5G,-99,-13,2.0,8,-86,271,8,D
945,2019.12.19,,15.17.51,,0,5G,-98,-16,1.0,8,-86,9005,86,D
946,2019.12.19,,15.17.52,,0,5G,-98,-16,1.0,11,-84,271,9,D
947,2019.12.19,,15.17.53,,0,5G,-100,-14,2.0,13,-86,10973,98,D
948,2019.12.19,,15.17.54,,0,5G,-100,-14,2.0,13,-86,274,9,D
949,2019.12.19,,15.17.55,,0,5G,-97,-16,4.0,15,-84,11178,98,D
950,2019.12.19,,15.17.57,,0,5G,-97,-16,4.0,15,-84,275,8,D
951,2019.12.19,,15.17.58,,0,5G,-97,-16,4.0,15,-84,9859,98,D
952,2019.12.19,,15.17.59,,0,5G,-97,-16,4.0,13,-90,2779,38,D
953,2019.12.19,,15.18.00,,0,5G,-98,-13,5.0,15,-86,4825,42,D
954,2019.12.19,,15.18.01,,0,5G,-98,-13,5.0,15,-84,9238,89,D
956,2019.12.19,,15.18.03,,0,5G,-99,-15,3.0,15,-86,10800,101,D
957,2019.12.19,,15.18.04,,0,5G,-97,-11,5.0,15,-88,274,8,D
958,2019.12.19,,15.18.05,,0,5G,-97,-11,5.0,15,-86,10740,93,D
959,2019.12.19,,15.18.06,,0,5G,-97,-10,4.0,15,-86,275,290,D
960,2019.12.19,,15.18.07,,0,5G,-97,-10,4.0,15,-88,9770,902,D
961,2019.12.19,,15.18.08,,0,5G,-99,-15,3.0,15,-88,269,7,D
962,2019.12.19,,15.18.10,,0,5G,-99,-15,3.0,15,-85,9541,94,D
963,2019.12.19,,15.18.11,,0,5G,-99,-12,4.0,15,-85,274,9,D
964,2019.12.19,,15.18.12,,0,5G,-99,-12,4.0,15,-85,8746,74,D
965,2019.12.19,,15.18.13,,0,5G,-98,-16,3.0,15,-85,4921,57,D
966,2019.12.19,,15.18.14,,0,5G,-98,-16,3.0,15,-85,3439,31,D
967,2019.12.19,,15.18.15,,0,5G,-98,-15,5.0,15,-85,10210,95,D
968,2019.12.19,,15.18.16,,0,5G,-98,-15,5.0,15,-85,269,10,D
969,2019.12.19,,15.18.17,,0,5G,-98,-15,5.0,15,-85,11062,109,D
970,2019.12.19,,15.18.18,,0,5G,-98,-15,5.0,14,-87,276,9,D
971,2019.12.19,,15.18.19,,0,5G,-98,-15,5.0,15,-85,9256,83,D
972,2019.12.19,,15.18.20,,0,5G,-98,-15,5.0,15,-85,273,9,D
973,2019.12.19,,15.18.21,,0,5G,-99,-14,4.0,15,-85,9592,89,D
974,2019.12.19,,15.18.23,,0,5G,-99,-14,4.0,15,-85,275,9,D
975,2019.12.19,,15.18.24,,0,5G,-99,-10,7.0,15,-85,9965,92,D
976,2019.12.19,,15.18.25,,0,5G,-99,-10,7.0,15,-85,3538,37,D
977,2019.12.19,,15.18.26,,0,5G,-99,-11,6.0,9,-87,4583,39,D
978,2019.12.19,,15.18.27,,0,5G,-99,-11,6.0,9,-87,8758,89,D
981,2019.12.19,,15.18.30,,0,5G,-99,-16,3.0,10,-85,6490,55,D
982,2019.12.19,,15.18.31,,0,5G,-99,-16,3.0,10,-85,437,3,D
983,2019.12.19,,15.18.32,,0,5G,-98,-18,7.0,15,-89,8416,89,D
985,2019.12.19,,15.18.34,,0,5G,-98,-15,4.0,15,-89,11912,111,D
987,2019.12.19,,15.18.37,,0,5G,-98,-14,11.0,15,-89,10694,105,D
989,2019.12.19,,15.18.39,,0,5G,-98,-15,7.0,12,-87,10332,99,D
991,2019.12.19,,15.18.41,,0,5G,-98,-16,7.0,15,-89,10317,94,D
992,2019.12.19,,15.18.42,,0,5G,-98,-16,7.0,15,-89,330,13,D
993,2019.12.19,,15.18.43,,0,5G,-98,-17,3.0,15,-89,8740,68,D
994,2019.12.19,,15.18.44,,0,5G,-98,-17,3.0,15,-89,8514,86,D
996,2019.12.19,,15.18.46,,0,5G,-99,-17,6.0,15,-89,11282,98,D
998,2019.12.19,,15.18.49,,0,5G,-98,-16,-9.0,15,-89,9946,100,D
1000,2019.12.19,,15.18.51,,0,5G,-98,-16,4.0,15,-89,11396,105,D
1002,2019.12.19,,15.18.53,,0,5G,-98,-17,7.0,15,-89,20828,193,D
1004,2019.12.19,,15.18.55,,0,5G,-98,-17,6.0,14,-86,254,3,D
1005,2019.12.19,,15.18.56,,0,5G,-98,-17,4.0,10,-84,4011,42,D
1006,2019.12.19,,15.18.57,,0,5G,-98,-17,4.0,15,-86,3240,28,D
1007,2019.12.19,,15.18.58,,0,5G,-99,-17,4.0,15,-86,7071,65,D
1009,2019.12.19,,15.19.00,,0,5G,-100,-19,2.0,14,-83,11223,127,D
1011,2019.12.19,,15.19.03,,0,5G,-100,-19,2.0,14,-83,9632,103,D
1012,2019.12.19,,15.19.04,,0,5G,-100,-19,2.0,8,-,7959,71,D
1013,2019.12.19,,15.19.05,,0,5G,-99,-19,4.0,8,-,274,11,D
1015,2019.12.19,,15.19.07,,0,5G,-99,-19,4.0,8,-,19720,1255,D
1016,2019.12.19,,15.19.08,,0,5G,-99,-19,4.0,8,-,276,10,D
1017,2019.12.19,,15.19.09,,0,5G,-100,-17,2.0,8,-,9662,86,D
1018,2019.12.19,,15.19.10,,0,5G,-100,-17,2.0,8,-,285,10,D
1019,2019.12.19,,15.19.11,,0,5G,-98,-17,2.0,8,-,10474,103,D
1020,2019.12.19,,15.19.12,,0,5G,-98,-17,2.0,8,-,270,9,D
1022,2019.12.19,,15.19.15,,0,5G,-98,-17,7.0,8,-,11004,100,D
1024,2019.12.19,,15.19.17,,0,5G,-98,-17,2.0,12,-88,10836,107,D
1026,2019.12.19,,15.19.19,,0,5G,-98,-17,3.0,13,-,10174,95,D
1028,2019.12.19,,15.19.21,,0,5G,-98,-15,8.0,13,-,10400,90,D
1029,2019.12.19,,15.19.22,,0,5G,-98,-15,6.0,13,-,2189,30,D
1030,2019.12.19,,15.19.23,,0,5G,-98,-15,6.0,13,-,5376,59,D
1031,2019.12.19,,15.19.24,,0,5G,-98,-16,6.0,13,-,10091,97,D
1033,2019.12.19,,15.19.26,,0,5G,-99,-15,8.0,13,-,10842,110,D
1035,2019.12.19,,15.19.29,,0,5G,-98,-16,6.0,15,-89,11085,110,D
1037,2019.12.19,,15.19.31,,0,5G,-99,-11,7.0,15,-85,10349,101,D
1039,2019.12.19,,15.19.33,,0,5G,-100,-13,4.0,15,-85,10649,109,D
1041,2019.12.19,,15.19.35,,0,5G,-102,-13,3.0,15,-85,8374,75,D
1042,2019.12.19,,15.19.36,,0,5G,-102,-13,3.0,15,-85,2066,32,D
1043,2019.12.19,,15.19.37,,0,5G,-103,-14,1.0,15,-85,7788,68,D
1044,2019.12.19,,15.19.38,,0,5G,-103,-14,1.0,15,-85,10573,102,D
1046,2019.12.19,,15.19.41,,0,5G,-103,-12,-1.0,8,-,11510,99,D
1048,2019.12.19,,15.19.43,,0,5G,-103,-17,0.0,8,-,9831,119,D
1050,2019.12.19,,15.19.45,,0,5G,-102,-18,-4.0,8,-,10085,97,D
1052,2019.12.19,,15.19.47,,0,5G,-102,-17,-7.0,8,-,11693,100,D
1053,2019.12.19,,15.19.48,,0,5G,-103,-16,-5.0,8,-,4735,56,D
1055,2019.12.19,,15.19.50,,0,5G,-102,-17,-3.0,8,-,5737,57,D
1056,2019.12.19,,15.19.51,,0,5G,-102,-17,-3.0,8,-,3576,34,D
1057,2019.12.19,,15.19.52,,0,5G,-103,-18,-4.0,8,-,11518,112,D
1059,2019.12.19,,15.19.55,,0,5G,-104,-18,-2.0,8,-,13820,132,D
1061,2019.12.19,,15.19.57,,0,5G,-103,-18,-2.0,8,-,8897,91,D
1063,2019.12.19,,15.19.59,,0,5G,-104,-18,-2.0,8,-,6616,63,D
1065,2019.12.19,,15.20.01,,0,5G,-104,-18,0.0,8,-,10768,97,D
1066,2019.12.19,,15.20.02,,0,5G,-104,-18,0.0,8,-,2304,34,D
1067,2019.12.19,,15.20.03,,0,5G,-103,-18,6.0,11,-83,6123,53,D
1068,2019.12.19,,15.20.04,,0,5G,-103,-18,6.0,11,-83,10297,97,D
1069,2019.12.19,,15.20.05,,0,5G,-98,-16,4.0,14,-87,315,3,D
1070,2019.12.19,,15.20.07,,0,5G,-98,-16,4.0,14,-85,11075,925,D
1071,2019.12.19,,15.20.08,,0,5G,-98,-12,6.0,12,-,11,58,D
1072,2019.12.19,,15.20.09,,0,5G,-98,-12,6.0,15,-,9270,86,D
1074,2019.12.19,,15.20.11,,0,5G,-99,-11,8.0,15,-,12577,112,D
1076,2019.12.19,,15.20.13,,0,5G,-98,-13,0.0,15,-,10241,98,D
1077,2019.12.19,,15.20.14,,0,5G,-99,-10,1.0,15,-,370,13,D
1078,2019.12.19,,15.20.15,,0,5G,-99,-10,1.0,15,-,6649,60,D
1079,2019.12.19,,15.20.16,,0,5G,-101,-14,2.0,15,-,6461,64,D
1080,2019.12.19,,15.20.17,,0,5G,-101,-14,2.0,15,-,1251,9,D
1081,2019.12.19,,15.20.18,,0,5G,-100,-14,2.0,15,-,7514,75,D
1083,2019.12.19,,15.20.21,,0,5G,-100,-18,7.0,15,-,10740,98,D
1085,2019.12.19,,15.20.23,,0,5G,-99,-16,8.0,12,-85,10752,110,D
1087,2019.12.19,,15.20.25,,0,5G,-98,-12,6.0,12,-85,15487,149,D
1088,2019.12.19,,15.20.26,,0,5G,-98,-12,6.0,12,-85,2235,19,D
1089,2019.12.19,,15.20.27,,0,5G,-99,-16,2.0,10,-,272,4,D
1091,2019.12.19,,15.20.29,,0,5G,-99,-14,11.0,15,-87,18449,173,D
1092,2019.12.19,,15.20.30,,0,5G,-99,-14,11.0,15,-87,277,9,D
1094,2019.12.19,,15.20.32,,0,5G,-99,-12,-5.0,15,-87,10743,92,D
1096,2019.12.19,,15.20.35,,0,5G,-99,-12,9.0,15,-87,10946,100,D
1098,2019.12.19,,15.20.37,,0,5G,-98,-13,5.0,15,-87,10486,116,D
1110,2019.12.19,,15.20.50,,0,5G,-98,-12,6.0,15,-87,29114,617,D
1111,2019.12.19,,15.20.51,,0,5G,-98,-12,9.0,15,-87,31512,151,D
1113,2019.12.19,,15.20.53,,0,5G,-98,-12,10.0,15,-87,9856,79,D
1114,2019.12.19,,15.20.54,,0,5G,-98,-12,10.0,15,-87,142,8,D
1115,2019.12.19,,15.20.55,,0,5G,-99,-16,2.0,15,-87,7974,31,D
1116,2019.12.19,,15.20.56,,0,5G,-99,-16,2.0,15,-87,10090,49,D
1118,2019.12.19,,15.20.58,,0,5G,-98,-13,5.0,15,-87,11010,48,D
1120,2019.12.19,,15.21.01,,0,5G,-99,-15,5.0,15,-87,10587,51,D
1122,2019.12.19,,15.21.03,,0,5G,-99,-13,7.0,15,-87,10345,64,D
1124,2019.12.19,,15.21.05,,0,5G,-99,-15,1.0,15,-87,10428,49,D
1126,2019.12.19,,15.21.07,,0,5G,-99,-15,8.0,15,-87,10645,1184,D
1127,2019.12.19,,15.21.08,,0,5G,-98,-15,4.0,15,-87,1777,19,D
1129,2019.12.19,,15.21.10,,0,5G,-99,-14,2.0,15,-87,9351,57,D
1131,2019.12.19,,15.21.12,,0,5G,-98,-14,3.0,15,-87,10591,57,D
1133,2019.12.19,,15.21.15,,0,5G,-98,-12,2.0,11,-85,9858,57,D
1135,2019.12.19,,15.21.17,,0,5G,-98,-13,5.0,7,-88,11075,37,D
1137,2019.12.19,,15.21.19,,0,5G,-99,-13,6.0,7,-88,10093,55,D
1139,2019.12.19,,15.21.21,,0,5G,-99,-12,4.0,7,-88,11215,50,D
1141,2019.12.19,,15.21.23,,0,5G,-98,-13,5.0,7,-88,10454,54,D
1142,2019.12.19,,15.21.24,,0,5G,-98,-13,5.0,7,-88,6380,41,D
1144,2019.12.19,,15.21.26,,0,5G,-99,-14,7.0,7,-88,10885,58,D
1146,2019.12.19,,15.21.29,,0,5G,-99,-13,9.0,7,-88,10192,49,D
1148,2019.12.19,,15.21.31,,0,5G,-98,-13,4.0,7,-88,10225,130,D
1150,2019.12.19,,15.21.33,,0,5G,-98,-11,5.0,15,-86,10899,38,D
1152,2019.12.19,,15.21.35,,0,5G,-98,-13,2.0,15,-88,10186,39,D
1154,2019.12.19,,15.21.37,,0,5G,-98,-14,9.0,15,-88,10190,48,D
1155,2019.12.19,,15.21.38,,0,5G,-98,-10,2.0,15,-88,10351,47,D
1157,2019.12.19,,15.21.40,,0,5G,-98,-14,12.0,10,-86,9443,45,D
1159,2019.12.19,,15.21.43,,0,5G,-99,-16,9.0,10,-86,7496,40,D
1161,2019.12.19,,15.21.45,,0,5G,-98,-14,1.0,10,-86,10421,47,D
1163,2019.12.19,,15.21.47,,0,5G,-97,-15,4.0,10,-86,10204,49,D
1165,2019.12.19,,15.21.49,,0,5G,-98,-15,5.0,10,-86,10169,50,D
1167,2019.12.19,,15.21.51,,0,5G,-98,-15,2.0,10,-86,12399,60,D
1168,2019.12.19,,15.21.52,,0,5G,-98,-15,2.0,10,-86,5553,40,D
1170,2019.12.19,,15.21.54,,0,5G,-97,-16,10.0,12,-88,10657,55,D
1172,2019.12.19,,15.21.57,,0,5G,-97,-14,9.0,12,-88,9779,40,D
1174,2019.12.19,,15.21.59,,0,5G,-97,-12,1.0,12,-88,10003,49,D
1176,2019.12.19,,15.22.01,,0,5G,-97,-12,4.0,12,-88,11040,52,D
1178,2019.12.19,,15.22.03,,0,5G,-97,-14,8.0,10,-86,11948,61,D
1180,2019.12.19,,15.22.05,,0,5G,-99,-15,7.0,10,-86,11868,59,D
1181,2019.12.19,,15.22.06,,0,5G,-99,-15,3.0,10,-86,120,8,D
1182,2019.12.19,,15.22.07,,0,5G,-99,-15,3.0,15,-84,36,1045,D
1183,2019.12.19,,15.22.08,,0,5G,-99,-11,4.0,12,-86,9964,44,D
1185,2019.12.19,,15.22.11,,0,5G,-98,-11,8.0,12,-86,10197,46,D
1187,2019.12.19,,15.22.13,,0,5G,-98,-12,9.0,12,-88,10784,53,D
1189,2019.12.19,,15.22.15,,0,5G,-98,-12,5.0,12,-88,11340,50,D
1191,2019.12.19,,15.22.17,,0,5G,-97,-13,5.0,12,-88,10245,42,D
1193,2019.12.19,,15.22.19,,0,5G,-99,-13,2.0,12,-88,11028,54,D
1195,2019.12.19,,15.22.21,,0,5G,-98,-11,11.0,12,-88,6856,28,D
1196,2019.12.19,,15.22.22,,0,5G,-98,-11,11.0,12,-88,10431,57,D
1198,2019.12.19,,15.22.25,,0,5G,-98,-13,12.0,12,-88,11685,55,D
1200,2019.12.19,,15.22.27,,0,5G,-98,-11,8.0,12,-86,11166,54,D
1201,2019.12.19,,15.22.28,,0,5G,-98,-14,7.0,12,-86,42,301,D
1202,2019.12.19,,15.22.29,,0,5G,-98,-14,7.0,12,-86,10980,746,D
1204,2019.12.19,,15.22.31,,0,5G,-98,-14,4.0,12,-86,10740,54,D
1206,2019.12.19,,15.22.33,,0,5G,-98,-17,0.0,12,-86,9270,50,D
1208,2019.12.19,,15.22.35,,0,5G,-98,-17,6.0,12,-86,6961,23,D
1209,2019.12.19,,15.22.36,,0,5G,-98,-18,1.0,11,-88,9612,37,D
1211,2019.12.19,,15.22.39,,0,5G,-98,-15,5.0,11,-88,10235,47,D
1213,2019.12.19,,15.22.41,,0,5G,-97,-16,9.0,10,-90,10523,58,D
1215,2019.12.19,,15.22.43,,0,5G,-99,-16,3.0,9,-89,9350,67,D
1217,2019.12.19,,15.22.45,,0,5G,-98,-16,1.0,9,-89,10383,81,D
1219,2019.12.19,,15.22.47,,0,5G,-98,-17,3.0,9,-89,11218,57,D
1220,2019.12.19,,15.22.48,,0,5G,-98,-17,3.0,9,-89,9439,44,D
1222,2019.12.19,,15.22.50,,0,5G,-98,-15,6.0,9,-89,9551,53,D
1224,2019.12.19,,15.22.53,,0,5G,-98,-14,4.0,10,-91,12484,70,D
1226,2019.12.19,,15.22.55,,0,5G,-98,-12,2.0,9,-90,11317,60,D
1228,2019.12.19,,15.22.57,,0,5G,-97,-11,8.0,10,-88,10393,50,D
1230,2019.12.19,,15.22.59,,0,5G,-98,-12,11.0,11,-90,10076,54,D
1232,2019.12.19,,15.23.01,,0,5G,-99,-14,9.0,13,-89,9175,47,D
1233,2019.12.19,,15.23.02,,0,5G,-98,-13,9.0,13,-89,10069,42,D
1235,2019.12.19,,15.23.04,,0,5G,-98,-16,9.0,10,-87,8392,115,D
1237,2019.12.19,,15.23.07,,0,5G,-98,-16,2.0,10,-90,12868,445,D
1238,2019.12.19,,15.23.08,,0,5G,-98,-16,2.0,10,-90,17,603,D
1239,2019.12.19,,15.23.09,,0,5G,-98,-16,6.0,10,-90,10460,283,D
1241,2019.12.19,,15.23.11,,0,5G,-98,-15,2.0,8,-87,7708,65,D
1242,2019.12.19,,15.23.12,,0,5G,-98,-15,2.0,8,-87,15494,83,D
1245,2019.12.19,,15.23.15,,0,5G,-99,-16,3.0,9,-89,10981,45,D
1246,2019.12.19,,15.23.16,,0,5G,-99,-16,3.0,9,-89,6083,43,D
1248,2019.12.19,,15.23.18,,0,5G,-98,-17,3.0,9,-87,10184,47,D
1250,2019.12.19,,15.23.21,,0,5G,-98,-18,2.0,9,-87,10917,47,D
1252,2019.12.19,,15.23.23,,0,5G,-98,-17,-2.0,9,-87,10436,50,D
1254,2019.12.19,,15.23.25,,0,5G,-98,-14,2.0,9,-87,10202,44,D
1256,2019.12.19,,15.23.27,,0,5G,-98,-14,2.0,9,-87,10900,56,D
1258,2019.12.19,,15.23.29,,0,5G,-97,-14,3.0,9,-87,10540,56,D
1259,2019.12.19,,15.23.30,,0,5G,-98,-12,2.0,9,-87,2865,26,D
1261,2019.12.19,,15.23.33,,0,5G,-98,-16,3.0,9,-87,11349,58,D
1263,2019.12.19,,15.23.35,,0,5G,-98,-18,1.0,9,-87,10212,54,D
1265,2019.12.19,,15.23.37,,0,5G,-98,-13,4.0,9,-89,9929,54,D
1267,2019.12.19,,15.23.39,,0,5G,-98,-14,4.0,9,-89,10135,39,D
1269,2019.12.19,,15.23.41,,0,5G,-99,-14,3.0,11,-85,9037,59,D
1271,2019.12.19,,15.23.43,,0,5G,-101,-18,-2.0,10,-87,9069,38,D
1272,2019.12.19,,15.23.44,,0,5G,-101,-18,-2.0,10,-89,11535,52,D
1274,2019.12.19,,15.23.47,,0,5G,-100,-14,3.0,10,-89,8104,53,D
1276,2019.12.19,,15.23.49,,0,5G,-100,-15,2.0,9,-87,10259,59,D
1278,2019.12.19,,15.23.51,,0,5G,-100,-13,5.0,9,-87,14554,74,D
1280,2019.12.19,,15.23.53,,0,5G,-100,-14,1.0,14,-89,11122,52,D
1282,2019.12.19,,15.23.55,,0,5G,-100,-17,2.0,9,-87,11117,57,D
1283,2019.12.19,,15.23.56,,0,5G,-100,-13,3.0,9,-87,1228,20,D
1284,2019.12.19,,15.23.57,,0,5G,-100,-13,3.0,9,-87,2713,6,D
1285,2019.12.19,,15.23.58,,0,5G,-100,-14,7.0,9,-87,9466,46,D
1287,2019.12.19,,15.24.01,,0,5G,-99,-11,9.0,11,-85,11146,55,D
1289,2019.12.19,,15.24.03,,0,5G,-100,-14,0.0,11,-85,10416,50,D
1291,2019.12.19,,15.24.05,,0,5G,-99,-14,5.0,11,-85,10412,60,D
1293,2019.12.19,,15.24.07,,0,5G,-99,-11,3.0,11,-85,10700,1160,D
1295,2019.12.19,,15.24.09,,0,5G,-98,-11,8.0,11,-85,10333,59,D
1296,2019.12.19,,15.24.10,,0,5G,-98,-11,8.0,11,-85,142,8,D
1297,2019.12.19,,15.24.11,,0,5G,-99,-14,4.0,11,-85,5431,24,D
1298,2019.12.19,,15.24.12,,0,5G,-99,-14,4.0,9,-88,899,19,D
1300,2019.12.19,,15.24.15,,0,5G,-101,-13,0.0,9,-88,4877,44,D
1301,2019.12.19,,15.24.16,,0,5G,-99,-13,3.0,9,-86,6639,27,D
1302,2019.12.19,,15.24.17,,0,5G,-99,-13,3.0,9,-86,9465,53,D
1304,2019.12.19,,15.24.19,,0,5G,-101,-13,0.0,11,-88,11408,67,D
1306,2019.12.19,,15.24.21,,0,5G,-101,-16,-1.0,11,-90,8846,49,D
1308,2019.12.19,,15.24.23,,0,5G,-102,-15,-1.0,11,-88,11612,142,D
1310,2019.12.19,,15.24.25,,0,5G,-101,-17,1.0,11,-88,1377,2,D
1311,2019.12.19,,15.24.26,,0,5G,-101,-13,1.0,8,-,459,18,D
1313,2019.12.19,,15.24.29,,0,5G,-101,-12,1.0,8,-,9765,56,D
1315,2019.12.19,,15.24.31,,0,5G,-101,-13,8.0,8,-,10757,57,D
1317,2019.12.19,,15.24.33,,0,5G,-101,-13,3.0,8,-,11311,53,D
1319,2019.12.19,,15.24.35,,0,5G,-101,-13,3.0,8,-,10033,50,D
1321,2019.12.19,,15.24.37,,0,5G,-101,-17,-1.0,8,-,10713,54,D
1323,2019.12.19,,15.24.39,,0,5G,-102,-13,1.0,11,-86,8559,114,D
1324,2019.12.19,,15.24.40,,0,5G,-102,-13,1.0,9,-,9216,42,D
1326,2019.12.19,,15.24.43,,0,5G,-99,-12,-2.0,9,-,8202,45,D
1328,2019.12.19,,15.24.45,,0,5G,-101,-16,-1.0,9,-,9741,47,D
1330,2019.12.19,,15.24.47,,0,5G,-99,-13,5.0,10,-88,9784,53,D
1332,2019.12.19,,15.24.49,,0,5G,-99,-12,6.0,10,-88,9697,44,D
1334,2019.12.19,,15.24.51,,0,5G,-99,-13,-1.0,10,-88,9684,47,D
1336,2019.12.19,,15.24.53,,0,5G,-99,-15,3.0,10,-88,9528,36,D
1337,2019.12.19,,15.24.55,,0,5G,-99,-16,7.0,10,-88,2711,30,D
1339,2019.12.19,,15.24.57,,0,5G,-98,-13,1.0,10,-88,9612,40,D
1341,2019.12.19,,15.24.59,,0,5G,-98,-11,8.0,12,-86,14522,54,D
1343,2019.12.19,,15.25.01,,0,5G,-98,-14,8.0,12,-86,10774,43,D
1345,2019.12.19,,15.25.03,,0,5G,-98,-12,0.0,11,-88,10716,44,D
1347,2019.12.19,,15.25.05,,0,5G,-98,-11,8.0,11,-88,10267,42,D
1348,2019.12.19,,15.25.06,,0,5G,-98,-11,8.0,11,-88,1799,23,D
1349,2019.12.19,,15.25.07,,0,5G,-98,-10,5.0,11,-88,35,989,D
1350,2019.12.19,,15.25.09,,0,5G,-98,-10,5.0,11,-88,6986,40,D
1352,2019.12.19,,15.25.11,,0,5G,-98,-11,4.0,11,-88,9981,43,D
1354,2019.12.19,,15.25.13,,0,5G,-99,-11,3.0,11,-88,10582,51,D
1356,2019.12.19,,15.25.15,,0,5G,-99,-12,2.0,11,-88,10632,57,D
1358,2019.12.19,,15.25.17,,0,5G,-98,-11,4.0,11,-88,11256,53,D
1360,2019.12.19,,15.25.19,,0,5G,-98,-11,2.0,10,-90,10161,47,D
1361,2019.12.19,,15.25.20,,0,5G,-98,-11,6.0,10,-90,1735,27,D
1363,2019.12.19,,15.25.23,,0,5G,-98,-12,4.0,10,-90,3693,30,D
1365,2019.12.19,,15.25.25,,0,5G,-98,-12,7.0,15,-88,10794,57,D
1367,2019.12.19,,15.25.27,,0,5G,-99,-13,2.0,12,-88,10292,57,D
1369,2019.12.19,,15.25.29,,0,5G,-99,-20,1.0,12,-88,10460,59,D
1371,2019.12.19,,15.25.31,,0,5G,-98,-12,7.0,12,-88,10921,51,D
1373,2019.12.19,,15.25.33,,0,5G,-97,-13,7.0,12,-88,9975,40,D
1375,2019.12.19,,15.25.36,,0,5G,-97,-13,6.0,12,-88,11364,41,D
1376,2019.12.19,,15.25.37,,0,5G,-97,-13,6.0,12,-88,10656,56,D
1378,2019.12.19,,15.25.39,,0,5G,-97,-16,1.0,12,-88,10525,52,D
1380,2019.12.19,,15.25.41,,0,5G,-98,-16,5.0,12,-88,8562,50,D
1382,2019.12.19,,15.25.43,,0,5G,-98,-13,2.0,12,-88,9510,64,D
1384,2019.12.19,,15.25.45,,0,5G,-98,-16,2.0,11,-90,9369,53,D
1386,2019.12.19,,15.25.47,,0,5G,-98,-12,1.0,11,-90,19772,90,D
1387,2019.12.19,,15.25.48,,0,5G,-98,-14,3.0,11,-88,272,5,D
1389,2019.12.19,,15.25.51,,0,5G,-98,-16,6.0,10,-89,13392,62,D
1391,2019.12.19,,15.25.53,,0,5G,-98,-12,9.0,13,-87,11575,58,D
1393,2019.12.19,,15.25.55,,0,5G,-99,-13,3.0,13,-87,10490,61,D
1395,2019.12.19,,15.25.57,,0,5G,-98,-14,0.0,13,-87,10394,53,D
1397,2019.12.19,,15.25.59,,0,5G,-99,-11,7.0,13,-87,9392,42,D
1398,2019.12.19,,15.26.00,,0,5G,-99,-11,7.0,13,-90,11,0,D
1399,2019.12.19,,15.26.01,,0,5G,-98,-11,7.0,9,-88,6876,32,D
1401,2019.12.19,,15.26.03,,0,5G,-98,-13,4.0,9,-88,7039,35,D
1402,2019.12.19,,15.26.05,,0,5G,-98,-13,4.0,9,-88,5572,41,D
1404,2019.12.19,,15.26.07,,0,5G,-99,-12,2.0,9,-88,9837,811,D
1405,2019.12.19,,15.26.08,,0,5G,-99,-14,7.0,9,-88,14,195,D
1406,2019.12.19,,15.26.09,,0,5G,-99,-14,7.0,9,-88,10619,66,D
1408,2019.12.19,,15.26.11,,0,5G,-97,-11,7.0,9,-88,8675,61,D
1410,2019.12.19,,15.26.13,,0,5G,-102,-15,5.0,13,-86,17256,126,D
1412,2019.12.19,,15.26.15,,0,5G,-101,-16,0.0,11,-90,274,5,D
1414,2019.12.19,,15.26.17,,0,5G,-101,-13,6.0,11,-90,9279,56,D
1415,2019.12.19,,15.26.19,,0,5G,-101,-14,2.0,11,-90,5930,76,D
1417,2019.12.19,,15.26.21,,0,5G,-102,-13,-1.0,12,-92,7220,51,D
1418,2019.12.19,,15.26.22,,0,5G,-102,-13,-1.0,10,-90,824,3,D
1419,2019.12.19,,15.26.23,,0,5G,-100,-14,2.0,10,-90,9314,71,D
1421,2019.12.19,,15.26.25,,0,5G,-99,-14,0.0,9,-86,11800,90,D
1423,2019.12.19,,15.26.27,,0,5G,-101,-14,0.0,9,-86,10624,74,D
1425,2019.12.19,,15.26.29,,0,5G,-99,-12,6.0,9,-86,10236,73,D
1427,2019.12.19,,15.26.31,,0,5G,-99,-13,0.0,9,-86,10756,74,D
1429,2019.12.19,,15.26.34,,0,5G,-99,-12,3.0,9,-88,7689,40,D
1430,2019.12.19,,15.26.35,,0,5G,-99,-12,3.0,9,-88,3661,48,D
1431,2019.12.19,,15.26.36,,0,5G,-99,-13,6.0,9,-88,4823,23,D
1432,2019.12.19,,15.26.37,,0,5G,-99,-13,6.0,14,-86,8379,80,D
1434,2019.12.19,,15.26.39,,0,5G,-99,-13,1.0,14,-86,10477,93,D
1436,2019.12.19,,15.26.41,,0,5G,-99,-15,-1.0,14,-86,9084,80,D
1438,2019.12.19,,15.26.43,,0,5G,-100,-13,0.0,14,-86,9700,73,D
1439,2019.12.19,,15.26.44,,0,5G,-100,-12,2.0,14,-86,120,8,D
1440,2019.12.19,,15.26.45,,0,5G,-100,-12,2.0,14,-86,10158,65,D
1441,2019.12.19,,15.26.47,,0,5G,-100,-16,-1.0,13,-83,6731,47,D
1443,2019.12.19,,15.26.49,,0,5G,-100,-13,2.0,15,-85,486,13,D
1444,2019.12.19,,15.26.50,,0,5G,-100,-13,2.0,15,-85,17966,119,D
1447,2019.12.19,,15.26.53,,0,5G,-100,-13,-2.0,13,-88,10379,82,D
1449,2019.12.19,,15.26.55,,0,5G,-100,-12,0.0,13,-88,9979,85,D
1451,2019.12.19,,15.26.57,,0,5G,-101,-14,-2.0,13,-88,10386,79,D
1453,2019.12.19,,15.26.59,,0,5G,-101,-13,4.0,13,-88,10600,81,D
1455,2019.12.19,,15.27.02,,0,5G,-102,-12,3.0,13,-88,9463,72,D
1456,2019.12.19,,15.27.03,,0,5G,-102,-12,3.0,13,-88,6585,69,D
1457,2019.12.19,,15.27.04,,0,5G,-100,-18,0.0,13,-88,732,4,D
1458,2019.12.19,,15.27.05,,0,5G,-100,-18,0.0,11,-86,7710,74,D
1459,2019.12.19,,15.27.06,,0,5G,-99,-14,3.0,11,-86,799,3,D
1460,2019.12.19,,15.27.07,,0,5G,-99,-14,3.0,11,-86,10779,1234,D
1462,2019.12.19,,15.27.09,,0,5G,-99,-13,4.0,11,-86,10519,88,D
1464,2019.12.19,,15.27.11,,0,5G,-98,-13,5.0,10,-83,9538,79,D
1466,2019.12.19,,15.27.13,,0,5G,-100,-13,3.0,10,-86,11189,102,D
1467,2019.12.19,,15.27.15,,0,5G,-99,-12,9.0,10,-86,1521,30,D
1468,2019.12.19,,15.27.16,,0,5G,-99,-12,9.0,10,-86,6561,46,D
1469,2019.12.19,,15.27.17,,0,5G,-99,-14,5.0,11,-84,870,23,D
1470,2019.12.19,,15.27.18,,0,5G,-99,-14,5.0,11,-84,8375,63,D
1471,2019.12.19,,15.27.19,,0,5G,-100,-12,3.0,11,-87,8148,72,D
1473,2019.12.19,,15.27.21,,0,5G,-99,-17,6.0,11,-87,9320,72,D
1475,2019.12.19,,15.27.23,,0,5G,-99,-16,3.0,9,-85,13196,109,D
1477,2019.12.19,,15.27.25,,0,5G,-100,-15,2.0,10,-87,14869,143,D
1478,2019.12.19,,15.27.26,,0,5G,-100,-15,2.0,10,-87,1924,28,D
1480,2019.12.19,,15.27.29,,0,5G,-100,-15,1.0,10,-87,859,22,D
1481,2019.12.19,,15.27.30,,0,5G,-99,-12,7.0,10,-87,5606,37,D
1482,2019.12.19,,15.27.31,,0,5G,-99,-12,7.0,10,-87,3252,36,D
1483,2019.12.19,,15.27.32,,0,5G,-99,-12,0.0,10,-87,3077,23,D
1484,2019.12.19,,15.27.33,,0,5G,-99,-12,0.0,10,-87,8294,74,D
1486,2019.12.19,,15.27.35,,0,5G,-100,-14,-1.0,10,-87,8785,79,D
1488,2019.12.19,,15.27.37,,0,5G,-101,-15,5.0,10,-87,7686,70,D
1490,2019.12.19,,15.27.39,,0,5G,-101,-16,-2.0,10,-87,10850,93,D
1492,2019.12.19,,15.27.41,,0,5G,-101,-16,0.0,10,-87,10241,72,D
1494,2019.12.19,,15.27.44,,0,5G,-101,-12,3.0,11,-89,8630,46,D
1495,2019.12.19,,15.27.45,,0,5G,-100,-14,-2.0,11,-89,2865,50,D
1496,2019.12.19,,15.27.46,,0,5G,-100,-14,-2.0,12,-87,16923,137,D
1497,2019.12.19,,15.27.47,,0,5G,-100,-15,3.0,12,-87,271,8,D
1499,2019.12.19,,15.27.49,,0,5G,-101,-15,0.0,12,-87,8001,63,D
1500,2019.12.19,,15.27.50,,0,5G,-101,-15,0.0,12,-85,11864,62,D
1503,2019.12.19,,15.27.53,,0,5G,-100,-16,-3.0,11,-83,10510,65,D
1505,2019.12.19,,15.27.55,,0,5G,-100,-16,1.0,11,-83,7741,43,D
1507,2019.12.19,,15.27.58,,0,5G,-99,-17,3.0,12,-85,8904,45,D
1508,2019.12.19,,15.27.59,,0,5G,-99,-17,3.0,12,-85,4985,33,D
1509,2019.12.19,,15.28.00,,0,5G,-99,-18,2.0,12,-85,7258,42,D
1510,2019.12.19,,15.28.01,,0,5G,-99,-18,2.0,12,-85,3664,45,D
1511,2019.12.19,,15.28.02,,0,5G,-99,-15,9.0,12,-85,19390,158,D
1514,2019.12.19,,15.28.05,,0,5G,-100,-16,2.0,12,-85,10132,92,D
1515,2019.12.19,,15.28.06,,0,5G,-98,-17,-1.0,12,-85,7277,69,D
1516,2019.12.19,,15.28.07,,0,5G,-98,-17,-1.0,12,-85,36,1149,D
1518,2019.12.19,,15.28.09,,0,5G,-99,-15,3.0,12,-85,11009,84,D
1520,2019.12.19,,15.28.12,,0,5G,-99,-16,6.0,12,-85,10415,77,D
1521,2019.12.19,,15.28.13,,0,5G,-99,-16,4.0,12,-85,6749,62,D
1523,2019.12.19,,15.28.15,,0,5G,-98,-15,9.0,11,-83,8617,65,D
1524,2019.12.19,,15.28.16,,0,5G,-98,-15,9.0,11,-83,1194,3,D
1525,2019.12.19,,15.28.17,,0,5G,-98,-15,1.0,9,-85,10405,76,D
1527,2019.12.19,,15.28.19,,0,5G,-99,-16,5.0,9,-85,8655,68,D
1529,2019.12.19,,15.28.21,,0,5G,-98,-16,9.0,11,-,9165,76,D
1531,2019.12.19,,15.28.23,,0,5G,-98,-15,10.0,11,-,9505,77,D
1532,2019.12.19,,15.28.25,,0,5G,-98,-15,10.0,11,-,1851,25,D
1533,2019.12.19,,15.28.26,,0,5G,-98,-16,6.0,11,-,3729,24,D
1534,2019.12.19,,15.28.27,,0,5G,-98,-16,6.0,11,-,2972,25,D
1535,2019.12.19,,15.28.28,,0,5G,-98,-12,6.0,11,-,6849,36,D
1536,2019.12.19,,15.28.29,,0,5G,-98,-12,6.0,11,-,12059,88,D
1538,2019.12.19,,15.28.31,,0,5G,-98,-14,3.0,11,-,8466,68,D
1540,2019.12.19,,15.28.33,,0,5G,-98,-10,0.0,11,-,10763,76,D
1542,2019.12.19,,15.28.35,,0,5G,-98,-17,5.0,11,-,11698,86,D
1544,2019.12.19,,15.28.37,,0,5G,-98,-17,5.0,11,-,11334,92,D
1546,2019.12.19,,15.28.40,,0,5G,-98,-17,9.0,11,-,9726,61,D
1547,2019.12.19,,15.28.41,,0,5G,-98,-16,6.0,11,-,4450,41,D
1548,2019.12.19,,15.28.42,,0,5G,-98,-16,6.0,11,-,678,3,D
1549,2019.12.19,,15.28.43,,0,5G,-98,-11,3.0,11,-,9867,84,D
1550,2019.12.19,,15.28.44,,0,5G,-98,-11,3.0,12,-87,353,6,D
1551,2019.12.19,,15.28.45,,0,5G,-97,-10,11.0,12,-87,11044,89,D
1553,2019.12.19,,15.28.47,,0,5G,-97,-13,9.0,12,-87,10144,77,D
1555,2019.12.19,,15.28.49,,0,5G,-97,-10,10.0,12,-87,10587,81,D
1557,2019.12.19,,15.28.51,,0,5G,-96,-11,7.0,12,-87,10639,77,D
1559,2019.12.19,,15.28.54,,0,5G,-96,-12,10.0,12,-87,10410,57,D
1561,2019.12.19,,15.28.56,,0,5G,-97,-11,9.0,12,-87,8847,43,D
1562,2019.12.19,,15.28.57,,0,5G,-97,-11,9.0,12,-87,5404,52,D
1563,2019.12.19,,15.28.58,,0,5G,-96,-17,4.0,12,-87,2247,14,D
1564,2019.12.19,,15.28.59,,0,5G,-96,-17,4.0,12,-87,10767,84,D
1566,2019.12.19,,15.29.01,,0,5G,-96,-11,9.0,12,-87,10230,71,D
1568,2019.12.19,,15.29.03,,0,5G,-97,-11,6.0,12,-87,5478,93,D
1569,2019.12.19,,15.29.04,,0,5G,-98,-17,1.0,12,-87,11623,86,D
1572,2019.12.19,,15.29.08,,0,5G,-98,-13,9.0,14,-89,9669,1094,D
1573,2019.12.19,,15.29.09,,0,5G,-98,-12,9.0,14,-89,1143,22,D
1574,2019.12.19,,15.29.10,,0,5G,-98,-12,9.0,14,-89,4314,28,D
1575,2019.12.19,,15.29.11,,0,5G,-98,-14,5.0,14,-89,1743,34,D
1576,2019.12.19,,15.29.12,,0,5G,-98,-14,5.0,14,-89,8428,56,D
1577,2019.12.19,,15.29.13,,0,5G,-98,-17,9.0,14,-89,10226,75,D
1579,2019.12.19,,15.29.15,,0,5G,-98,-13,5.0,14,-89,10295,77,D
1581,2019.12.19,,15.29.17,,0,5G,-98,-13,10.0,14,-89,10925,80,D
1583,2019.12.19,,15.29.19,,0,5G,-98,-16,2.0,14,-89,10220,75,D
1585,2019.12.19,,15.29.22,,0,5G,-98,-11,3.0,14,-89,10720,74,D
1586,2019.12.19,,15.29.23,,0,5G,-98,-11,3.0,14,-89,298,11,D
1587,2019.12.19,,15.29.24,,0,5G,-98,-12,6.0,14,-89,8170,46,D
1588,2019.12.19,,15.29.25,,0,5G,-98,-12,6.0,14,-89,2680,32,D
1589,2019.12.19,,15.29.26,,0,5G,-98,-16,7.0,14,-89,6951,46,D
1590,2019.12.19,,15.29.27,,0,5G,-98,-16,7.0,14,-89,10890,80,D
1592,2019.12.19,,15.29.29,,0,5G,-98,-12,1.0,14,-89,10669,76,D
1594,2019.12.19,,15.29.31,,0,5G,-97,-13,1.0,14,-89,10063,82,D
1596,2019.12.19,,15.29.33,,0,5G,-97,-12,7.0,11,-87,10724,76,D
1598,2019.12.19,,15.29.36,,0,5G,-97,-12,7.0,11,-87,8552,71,D
1600,2019.12.19,,15.29.38,,0,5G,-97,-13,10.0,11,-87,8696,49,D
1601,2019.12.19,,15.29.39,,0,5G,-97,-12,2.0,11,-87,9188,65,D
1603,2019.12.19,,15.29.41,,0,5G,-97,-16,9.0,11,-87,10026,83,D
1605,2019.12.19,,15.29.43,,0,5G,-97,-11,5.0,12,-89,12387,94,D
1607,2019.12.19,,15.29.45,,0,5G,-97,-16,8.0,12,-89,11178,68,D
1609,2019.12.19,,15.29.47,,0,5G,-97,-17,5.0,12,-89,11516,84,D
1611,2019.12.19,,15.29.50,,0,5G,-97,-13,9.0,12,-89,10300,96,D
1613,2019.12.19,,15.29.52,,0,5G,-97,-11,4.0,14,-87,9951,78,D
1614,2019.12.19,,15.29.53,,0,5G,-97,-11,4.0,14,-87,6311,50,D
1616,2019.12.19,,15.29.55,,0,5G,-97,-14,6.0,14,-87,11007,72,D
1618,2019.12.19,,15.29.57,,0,5G,-98,-13,0.0,14,-87,10552,68,D
1620,2019.12.19,,15.29.59,,0,5G,-101,-16,1.0,11,-84,10113,82,D
1622,2019.12.19,,15.30.01,,0,5G,-99,-16,3.0,11,-84,10922,73,D
1624,2019.12.19,,15.30.04,,0,5G,-97,-13,4.0,11,-86,10639,72,D
1625,2019.12.19,,15.30.05,,0,5G,-97,-15,7.0,11,-86,273,11,D
1626,2019.12.19,,15.30.06,,0,5G,-97,-15,7.0,11,-84,9636,54,D
1627,2019.12.19,,15.30.07,,0,5G,-97,-15,6.0,11,-84,3951,479,D
1628,2019.12.19,,15.30.08,,0,5G,-97,-15,6.0,11,-84,3095,561,D
1629,2019.12.19,,15.30.09,,0,5G,-97,-12,6.0,11,-84,11465,82,D
1631,2019.12.19,,15.30.11,,0,5G,-97,-11,9.0,11,-84,8634,54,D
1633,2019.12.19,,15.30.13,,0,5G,-97,-11,3.0,11,-84,8426,66,D
1635,2019.12.19,,15.30.15,,0,5G,-97,-13,3.0,11,-84,10573,82,D
1637,2019.12.19,,15.30.18,,0,5G,-97,-10,4.0,11,-84,11408,75,D
1638,2019.12.19,,15.30.19,,0,5G,-97,-10,4.0,11,-84,1745,21,D
1639,2019.12.19,,15.30.20,,0,5G,-96,-15,3.0,11,-84,7392,38,D
1640,2019.12.19,,15.30.21,,0,5G,-96,-15,3.0,10,-87,8489,59,D
1642,2019.12.19,,15.30.23,,0,5G,-97,-11,7.0,12,-89,11537,84,D
1644,2019.12.19,,15.30.25,,0,5G,-97,-12,5.0,12,-89,11648,77,D
1646,2019.12.19,,15.30.27,,0,5G,-97,-15,6.0,12,-89,9867,95,D
1647,2019.12.19,,15.30.28,,0,5G,-97,-16,7.0,12,-89,7763,65,D
1650,2019.12.19,,15.30.32,,0,5G,-98,-12,7.0,12,-87,9668,65,D
1651,2019.12.19,,15.30.33,,0,5G,-98,-11,6.0,12,-87,120,8,D
1652,2019.12.19,,15.30.34,,0,5G,-98,-11,6.0,12,-89,8686,50,D
1653,2019.12.19,,15.30.35,,0,5G,-97,-15,8.0,12,-89,4421,49,D
1654,2019.12.19,,15.30.36,,0,5G,-97,-15,8.0,15,-87,967,7,D
1655,2019.12.19,,15.30.37,,0,5G,-97,-11,10.0,15,-87,10190,82,D
1657,2019.12.19,,15.30.39,,0,5G,-96,-11,5.0,15,-87,10525,76,D
1659,2019.12.19,,15.30.41,,0,5G,-96,-14,7.0,15,-87,10177,70,D
1661,2019.12.19,,15.30.43,,0,5G,-96,-15,11.0,15,-87,10372,86,D
1663,2019.12.19,,15.30.46,,0,5G,-96,-15,14.0,10,-89,11000,100,D
1664,2019.12.19,,15.30.47,,0,5G,-96,-15,14.0,10,-89,943,19,D
1665,2019.12.19,,15.30.48,,0,5G,-96,-10,13.0,10,-89,6947,50,D
1666,2019.12.19,,15.30.49,,0,5G,-96,-10,13.0,10,-89,4821,47,D
1667,2019.12.19,,15.30.50,,0,5G,-96,-9,8.0,10,-89,2055,14,D
1668,2019.12.19,,15.30.51,,0,5G,-96,-9,8.0,10,-89,9701,84,D
1670,2019.12.19,,15.30.53,,0,5G,-96,-13,13.0,10,-89,11181,86,D
1672,2019.12.19,,15.30.55,,0,5G,-96,-12,7.0,14,-87,10831,84,D
1674,2019.12.19,,15.30.57,,0,5G,-97,-11,6.0,14,-87,10501,71,D
1676,2019.12.19,,15.31.00,,0,5G,-97,-14,11.0,14,-87,10679,67,D
1678,2019.12.19,,15.31.02,,0,5G,-97,-14,12.0,14,-87,8984,60,D
1679,2019.12.19,,15.31.03,,0,5G,-97,-15,11.0,14,-87,4067,35,D
1680,2019.12.19,,15.31.04,,0,5G,-97,-15,11.0,14,-87,5594,52,D
1681,2019.12.19,,15.31.05,,0,5G,-97,-12,10.0,14,-87,9956,79,D
1683,2019.12.19,,15.31.07,,0,5G,-97,-15,15.0,14,-87,6010,639,D
1684,2019.12.19,,15.31.08,,0,5G,-97,-15,15.0,14,-87,14660,647,D
1687,2019.12.19,,15.31.11,,0,5G,-98,-11,4.0,14,-87,10878,81,D
1689,2019.12.19,,15.31.14,,0,5G,-97,-11,4.0,9,-89,10314,85,D
1691,2019.12.19,,15.31.16,,0,5G,-96,-11,7.0,9,-89,10744,85,D
1692,2019.12.19,,15.31.17,,0,5G,-96,-11,7.0,9,-89,1400,27,D
1693,2019.12.19,,15.31.18,,0,5G,-96,-11,5.0,9,-89,6385,40,D
1694,2019.12.19,,15.31.19,,0,5G,-96,-11,5.0,9,-89,9291,81,D
1696,2019.12.19,,15.31.21,,0,5G,-96,-14,6.0,9,-89,7192,64,D
1697,2019.12.19,,15.31.22,,0,5G,-96,-10,9.0,9,-89,3624,25,D
1698,2019.12.19,,15.31.23,,0,5G,-96,-10,9.0,9,-89,10249,70,D
1700,2019.12.19,,15.31.25,,0,5G,-96,-12,12.0,9,-89,8701,52,D
1701,2019.12.19,,15.31.26,,0,5G,-96,-11,10.0,9,-89,11596,67,D
1702,2019.12.19,,15.31.27,,0,5G,-96,-11,10.0,9,-89,134,5,D
1703,2019.12.19,,15.31.29,,0,5G,-97,-12,8.0,9,-89,11,20,D
1704,2019.12.19,,15.31.30,,0,5G,-97,-12,8.0,8,-79,11,6,D
1705,2019.12.19,,15.31.31,,0,5G,-96,-12,8.0,8,-79,7398,223,D
1706,2019.12.19,,15.31.32,,0,5G,-96,-12,8.0,8,-79,9754,189,D
1707,2019.12.19,,15.31.33,,0,5G,-96,-14,6.0,8,-79,9363,271,D
1708,2019.12.19,,15.31.34,,0,5G,-96,-14,6.0,8,-79,8220,136,D
1709,2019.12.19,,15.31.35,,0,5G,-96,-14,5.0,8,-79,7652,105,D
1711,2019.12.19,,15.31.37,,0,5G,-96,-11,6.0,8,-79,4590,92,D
1712,2019.12.19,,15.31.38,,0,5G,-96,-11,6.0,8,-79,11874,182,D
1713,2019.12.19,,15.31.39,,0,5G,-96,-15,8.0,8,-79,3216,51,D
1715,2019.12.19,,15.31.41,,0,5G,-96,-10,12.0,8,-79,10724,183,D
1716,2019.12.19,,15.31.42,,0,5G,-96,-10,12.0,8,-79,10027,143,D
1719,2019.12.19,,15.31.46,,0,5G,-96,-10,12.0,8,-79,11369,199,D
1720,2019.12.19,,15.31.47,,0,5G,-96,-10,12.0,11,-88,289,4,D
1722,2019.12.19,,15.31.49,,0,5G,-96,-11,11.0,15,-90,3018,99,D
1723,2019.12.19,,15.31.50,,0,5G,-96,-16,7.0,10,-79,8976,170,D
1724,2019.12.19,,15.31.51,,0,5G,-96,-16,7.0,11,-88,1371,43,D
1725,2019.12.19,,15.31.52,,0,5G,-96,-10,7.0,11,-88,11898,172,D
1726,2019.12.19,,15.31.53,,0,5G,-96,-10,7.0,11,-88,9613,121,D
1727,2019.12.19,,15.31.54,,0,5G,-96,-15,1.0,11,-88,10796,98,D
1728,2019.12.19,,15.31.55,,0,5G,-96,-15,1.0,11,-88,423,2,D
1730,2019.12.19,,15.31.58,,0,5G,-97,-10,10.0,11,-88,9308,118,D
1731,2019.12.19,,15.31.59,,0,5G,-97,-10,6.0,11,-88,9796,129,D
1732,2019.12.19,,15.32.00,,0,5G,-97,-10,6.0,11,-88,697,4,D
1733,2019.12.19,,15.32.01,,0,5G,-97,-15,7.0,11,-88,519,20,D
1734,2019.12.19,,15.32.02,,0,5G,-97,-15,7.0,11,-88,19086,240,D
1737,2019.12.19,,15.32.05,,0,5G,-96,-13,1.0,11,-88,10436,114,D
1739,2019.12.19,,15.32.07,,0,5G,-96,-10,9.0,14,-90,4207,497,D
1740,2019.12.19,,15.32.08,,0,5G,-96,-10,9.0,14,-87,11113,824,D
1741,2019.12.19,,15.32.09,,0,5G,-96,-11,10.0,14,-87,3532,62,D
1742,2019.12.19,,15.32.11,,0,5G,-96,-11,10.0,14,-87,5024,125,D
1743,2019.12.19,,15.32.12,,0,5G,-98,-10,2.0,11,-89,7172,87,D
1745,2019.12.19,,15.32.14,,0,5G,-97,-11,12.0,11,-89,9434,109,D
1746,2019.12.19,,15.32.15,,0,5G,-97,-11,12.0,11,-89,33,7,D
1747,2019.12.19,,15.32.16,,0,5G,-96,-12,13.0,11,-89,19076,164,D
1750,2019.12.19,,15.32.19,,0,5G,-97,-12,9.0,11,-89,2638,28,D
1751,2019.12.19,,15.32.20,,0,5G,-96,-10,1.0,11,-89,15193,191,D
1752,2019.12.19,,15.32.21,,0,5G,-96,-10,1.0,11,-89,2745,24,D
1754,2019.12.19,,15.32.23,,0,5G,-96,-12,6.0,14,-87,6287,97,D
1755,2019.12.19,,15.32.25,,0,5G,-97,-13,12.0,14,-87,14125,124,D
1758,2019.12.19,,15.32.28,,0,5G,-97,-11,7.0,14,-89,6341,48,D
1759,2019.12.19,,15.32.29,,0,5G,-97,-15,10.0,14,-89,8744,667,D
1760,2019.12.19,,15.32.30,,0,5G,-97,-15,10.0,14,-89,4728,47,D
1761,2019.12.19,,15.32.31,,0,5G,-97,-13,5.0,14,-89,2800,40,D
1762,2019.12.19,,15.32.32,,0,5G,-97,-13,5.0,14,-89,4082,31,D
1763,2019.12.19,,15.32.33,,0,5G,-97,-16,3.0,14,-89,13116,107,D
1765,2019.12.19,,15.32.35,,0,5G,-97,-15,8.0,14,-89,10513,75,D
1767,2019.12.19,,15.32.37,,0,5G,-97,-14,7.0,14,-89,11465,101,D
1768,2019.12.19,,15.32.39,,0,5G,-97,-14,7.0,14,-89,9017,122,D
1771,2019.12.19,,15.32.42,,0,5G,-96,-16,8.0,15,-87,9772,70,D
1772,2019.12.19,,15.32.43,,0,5G,-96,-16,8.0,15,-87,7215,65,D
1774,2019.12.19,,15.32.45,,0,5G,-97,-14,9.0,15,-87,6608,51,D
1775,2019.12.19,,15.32.46,,0,5G,-96,-13,8.0,14,-89,3798,27,D
1776,2019.12.19,,15.32.47,,0,5G,-96,-13,8.0,14,-89,10085,79,D
1778,2019.12.19,,15.32.49,,0,5G,-96,-15,4.0,15,-87,10215,90,D
1780,2019.12.19,,15.32.51,,0,5G,-97,-13,5.0,15,-89,10288,84,D
1782,2019.12.19,,15.32.54,,0,5G,-97,-14,6.0,15,-89,9822,69,D
1784,2019.12.19,,15.32.56,,0,5G,-97,-11,4.0,12,-87,10841,79,D
1785,2019.12.19,,15.32.57,,0,5G,-97,-15,4.0,12,-87,2213,29,D
1786,2019.12.19,,15.32.58,,0,5G,-97,-15,4.0,12,-87,3802,25,D
1787,2019.12.19,,15.32.59,,0,5G,-97,-11,7.0,12,-87,10943,81,D
1789,2019.12.19,,15.33.01,,0,5G,-96,-12,7.0,12,-87,9362,69,D
1791,2019.12.19,,15.33.03,,0,5G,-96,-15,11.0,12,-87,10800,73,D
1793,2019.12.19,,15.33.05,,0,5G,-96,-11,9.0,12,-87,8321,100,D
1794,2019.12.19,,15.33.06,,0,5G,-96,-11,9.0,12,-87,10983,89,D
1795,2019.12.19,,15.33.08,,0,5G,-98,-15,1.0,12,-87,35,1152,D
1797,2019.12.19,,15.33.10,,0,5G,-98,-16,5.0,11,-89,10479,71,D
1798,2019.12.19,,15.33.11,,0,5G,-98,-16,5.0,11,-89,6004,45,D
1799,2019.12.19,,15.33.12,,0,5G,-98,-15,6.0,11,-89,116,0,D
1800,2019.12.19,,15.33.13,,0,5G,-98,-15,6.0,11,-89,5129,72,D
1801,2019.12.19,,15.33.14,,0,5G,-100,-14,1.0,9,-91,3382,29,D
1802,2019.12.19,,15.33.15,,0,5G,-100,-14,1.0,7,-86,9363,80,D
1804,2019.12.19,,15.33.17,,0,5G,-99,-13,0.0,8,-90,11122,74,D
1806,2019.12.19,,15.33.19,,0,5G,-98,-15,0.0,8,-90,10822,79,D
1808,2019.12.19,,15.33.22,,0,5G,-97,-14,6.0,9,-88,10823,78,D
1810,2019.12.19,,15.33.24,,0,5G,-98,-12,2.0,9,-90,9178,60,D
1811,2019.12.19,,15.33.25,,0,5G,-98,-15,8.0,9,-90,3059,34,D
1812,2019.12.19,,15.33.26,,0,5G,-98,-15,8.0,9,-90,2142,11,D
1813,2019.12.19,,15.33.27,,0,5G,-98,-14,7.0,9,-90,4762,40,D
1814,2019.12.19,,15.33.28,,0,5G,-98,-14,7.0,9,-90,4695,25,D
1815,2019.12.19,,15.33.29,,0,5G,-98,-15,3.0,9,-88,10593,88,D
1817,2019.12.19,,15.33.31,,0,5G,-98,-13,6.0,9,-88,10409,80,D
1819,2019.12.19,,15.33.33,,0,5G,-96,-11,7.0,9,-88,9555,94,D
1821,2019.12.19,,15.33.36,,0,5G,-96,-12,5.0,12,-91,10141,93,D
1823,2019.12.19,,15.33.38,,0,5G,-96,-13,7.0,12,-91,9040,73,D
1824,2019.12.19,,15.33.39,,0,5G,-96,-13,7.0,12,-91,275,15,D
1825,2019.12.19,,15.33.40,,0,5G,-97,-12,8.0,12,-91,9277,63,D
1826,2019.12.19,,15.33.41,,0,5G,-97,-12,8.0,12,-91,10729,86,D
1828,2019.12.19,,15.33.43,,0,5G,-97,-11,6.0,12,-91,11043,87,D
1830,2019.12.19,,15.33.45,,0,5G,-96,-16,3.0,12,-93,10932,89,D
1832,2019.12.19,,15.33.47,,0,5G,-96,-13,4.0,12,-91,10779,85,D
1834,2019.12.19,,15.33.49,,0,5G,-96,-12,4.0,12,-91,10455,78,D
1836,2019.12.19,,15.33.52,,0,5G,-96,-14,3.0,12,-91,10520,68,D
1837,2019.12.19,,15.33.53,,0,5G,-97,-10,7.0,12,-91,142,9,D
1838,2019.12.19,,15.33.54,,0,5G,-97,-10,7.0,12,-91,8529,75,D
1839,2019.12.19,,15.33.55,,0,5G,-97,-18,2.0,12,-91,9504,75,D
1841,2019.12.19,,15.33.57,,0,5G,-97,-12,5.0,12,-91,11804,89,D
1843,2019.12.19,,15.33.59,,0,5G,-97,-13,4.0,12,-91,9325,73,D
1845,2019.12.19,,15.34.01,,0,5G,-97,-12,3.0,10,-89,10111,87,D
1847,2019.12.19,,15.34.03,,0,5G,-97,-14,3.0,10,-89,11150,84,D
1849,2019.12.19,,15.34.06,,0,5G,-98,-12,6.0,10,-89,10079,79,D
1851,2019.12.19,,15.34.08,,0,5G,-97,-12,9.0,9,-87,9656,1164,D
1852,2019.12.19,,15.34.09,,0,5G,-97,-12,9.0,9,-83,2961,32,D
1853,2019.12.19,,15.34.10,,0,5G,-98,-11,5.0,9,-83,3540,20,D
1854,2019.12.19,,15.34.11,,0,5G,-98,-11,5.0,9,-83,9050,70,D
1856,2019.12.19,,15.34.13,,0,5G,-98,-12,9.0,7,-86,10228,62,D
1858,2019.12.19,,15.34.15,,0,5G,-98,-14,5.0,11,-89,12511,88,D
1860,2019.12.19,,15.34.17,,0,5G,-98,-16,1.0,11,-89,11395,103,D
1862,2019.12.19,,15.34.20,,0,5G,-98,-16,7.0,11,-89,9990,96,D
1864,2019.12.19,,15.34.22,,0,5G,-98,-15,-1.0,11,-89,10711,94,D
1865,2019.12.19,,15.34.23,,0,5G,-98,-14,1.0,11,-89,4985,43,D
1866,2019.12.19,,15.34.24,,0,5G,-98,-14,1.0,11,-89,4472,32,D
1867,2019.12.19,,15.34.25,,0,5G,-98,-16,1.0,11,-89,5649,79,D
1868,2019.12.19,,15.34.26,,0,5G,-98,-16,1.0,11,-89,3888,37,D
1869,2019.12.19,,15.34.27,,0,5G,-98,-17,0.0,11,-91,10980,106,D
1871,2019.12.19,,15.34.29,,0,5G,-98,-15,5.0,9,-91,10273,84,D
1873,2019.12.19,,15.34.31,,0,5G,-97,-16,2.0,10,-89,10269,99,D
1875,2019.12.19,,15.34.34,,0,5G,-98,-15,-1.0,10,-89,11785,84,D
1876,2019.12.19,,15.34.35,,0,5G,-98,-15,-1.0,10,-89,143,9,D
1877,2019.12.19,,15.34.36,,0,5G,-98,-16,4.0,10,-89,8596,51,D
1878,2019.12.19,,15.34.37,,0,5G,-98,-16,4.0,11,-91,2830,37,D
1879,2019.12.19,,15.34.38,,0,5G,-98,-16,4.0,11,-91,8009,64,D
1880,2019.12.19,,15.34.39,,0,5G,-98,-16,4.0,11,-91,6537,68,D
1881,2019.12.19,,15.34.40,,0,5G,-98,-14,2.0,11,-91,11224,90,D
1884,2019.12.19,,15.34.43,,0,5G,-98,-15,3.0,11,-91,8552,106,D
1886,2019.12.19,,15.34.45,,0,5G,-98,-15,6.0,11,-91,11317,126,D
1888,2019.12.19,,15.34.48,,0,5G,-98,-14,1.0,11,-91,11754,102,D
1890,2019.12.19,,15.34.50,,0,5G,-98,-14,4.0,11,-91,10086,72,D
1891,2019.12.19,,15.34.51,,0,5G,-97,-15,10.0,10,-89,2578,35,D
1892,2019.12.19,,15.34.52,,0,5G,-97,-15,10.0,10,-89,6860,52,D
1893,2019.12.19,,15.34.53,,0,5G,-98,-15,7.0,10,-89,1085,27,D
1894,2019.12.19,,15.34.54,,0,5G,-98,-15,7.0,10,-89,5045,31,D
1895,2019.12.19,,15.34.55,,0,5G,-98,-14,6.0,10,-89,7759,72,D
1896,2019.12.19,,15.34.56,,0,5G,-98,-14,6.0,10,-91,11104,114,D
1897,2019.12.19,,15.34.57,,0,5G,-99,-16,4.0,10,-91,690,7,D
1899,2019.12.19,,15.34.59,,0,5G,-97,-13,-2.0,10,-91,8071,86,D
1900,2019.12.19,,15.35.00,,0,5G,-97,-13,-2.0,10,-91,1004,8,D
1901,2019.12.19,,15.35.02,,0,5G,-98,-13,7.0,10,-91,6048,61,D
1902,2019.12.19,,15.35.03,,0,5G,-98,-13,7.0,10,-91,16315,185,D
1904,2019.12.19,,15.35.05,,0,5G,-99,-15,2.0,10,-91,110,9,D
1905,2019.12.19,,15.35.06,,0,5G,-99,-15,2.0,10,-91,6799,74,D
1906,2019.12.19,,15.35.07,,0,5G,-99,-15,2.0,10,-91,13841,282,D
1907,2019.12.19,,15.35.08,,0,5G,-98,-15,10.0,10,-91,218,879,D
1908,2019.12.19,,15.35.09,,0,5G,-98,-15,10.0,10,-91,3690,63,D
1909,2019.12.19,,15.35.10,,0,5G,-98,-15,12.0,10,-91,11622,155,D
1910,2019.12.19,,15.35.11,,0,5G,-98,-15,12.0,10,-91,3418,34,D
1912,2019.12.19,,15.35.13,,0,5G,-99,-15,2.0,10,-91,7309,90,D
1913,2019.12.19,,15.35.14,,0,5G,-98,-13,5.0,10,-91,12076,130,D
1916,2019.12.19,,15.35.18,,0,5G,-98,-15,9.0,10,-91,10164,115,D
1917,2019.12.19,,15.35.19,,0,5G,-99,-12,7.0,10,-91,10008,95,D
1919,2019.12.19,,15.35.21,,0,5G,-99,-16,1.0,10,-91,3114,47,D
1920,2019.12.19,,15.35.22,,0,5G,-99,-16,1.0,10,-91,4493,43,D
1921,2019.12.19,,15.35.23,,0,5G,-98,-11,4.0,10,-91,7309,91,D
1922,2019.12.19,,15.35.24,,0,5G,-98,-11,4.0,10,-91,1551,9,D
1923,2019.12.19,,15.35.25,,0,5G,-97,-15,10.0,13,-89,8544,105,D
1924,2019.12.19,,15.35.26,,0,5G,-97,-15,10.0,13,-89,9322,94,D
1925,2019.12.19,,15.35.27,,0,5G,-98,-15,0.0,13,-89,32,0,D
1927,2019.12.19,,15.35.30,,0,5G,-98,-17,4.0,13,-89,10815,102,D
1928,2019.12.19,,15.35.31,,0,5G,-98,-17,4.0,13,-89,10852,84,D
1930,2019.12.19,,15.35.33,,0,5G,-98,-19,3.0,13,-89,981,24,D
1931,2019.12.19,,15.35.34,,0,5G,-98,-18,1.0,13,-89,9161,100,D
1932,2019.12.19,,15.35.35,,0,5G,-98,-18,1.0,12,-86,1334,23,D
1933,2019.12.19,,15.35.36,,0,5G,-98,-16,5.0,12,-88,6260,58,D
1934,2019.12.19,,15.35.37,,0,5G,-98,-16,5.0,12,-88,6049,61,D
1936,2019.12.19,,15.35.39,,0,5G,-97,-17,3.0,12,-88,8566,75,D
1938,2019.12.19,,15.35.41,,0,5G,-97,-16,4.0,12,-88,8679,73,D
1939,2019.12.19,,15.35.42,,0,5G,-97,-17,9.0,12,-88,13274,134,D
1942,2019.12.19,,15.35.46,,0,5G,-97,-18,3.0,12,-88,7809,69,D
1943,2019.12.19,,15.35.47,,0,5G,-97,-12,5.0,12,-88,11042,109,D
1944,2019.12.19,,15.35.48,,0,5G,-97,-12,5.0,12,-88,4143,50,D
1945,2019.12.19,,15.35.49,,0,5G,-97,-12,4.0,12,-88,3834,40,D
1946,2019.12.19,,15.35.50,,0,5G,-97,-12,4.0,12,-88,364,18,D
1947,2019.12.19,,15.35.51,,0,5G,-97,-15,1.0,12,-88,423,31,D
1948,2019.12.19,,15.35.52,,0,5G,-97,-15,1.0,12,-88,380,22,D
1949,2019.12.19,,15.35.53,,0,5G,-97,-17,-2.0,12,-88,167,15,D
1950,2019.12.19,,15.35.54,,0,5G,-97,-17,-2.0,13,-86,933,49,D
1951,2019.12.19,,15.35.55,,0,5G,-98,-12,4.0,13,-86,1631,49,D
1952,2019.12.19,,15.35.56,,0,5G,-98,-12,4.0,13,-86,3058,85,D
1953,2019.12.19,,15.35.57,,0,5G,-97,-14,3.0,12,-88,1183,38,D
1954,2019.12.19,,15.35.59,,0,5G,-97,-14,3.0,12,-88,2084,78,D
1955,2019.12.19,,15.36.00,,0,5G,-98,-14,2.0,12,-88,2172,41,D
1956,2019.12.19,,15.36.01,,0,5G,-98,-14,2.0,12,-88,3639,46,D
1957,2019.12.19,,15.36.02,,0,5G,-98,-14,1.0,12,-86,3080,50,D
1958,2019.12.19,,15.36.03,,0,5G,-98,-14,1.0,12,-86,1604,41,D
1959,2019.12.19,,15.36.04,,0,5G,-97,-10,3.0,12,-86,1689,46,D
1960,2019.12.19,,15.36.05,,0,5G,-97,-10,3.0,12,-86,1213,33,D
1961,2019.12.19,,15.36.06,,0,5G,-97,-10,4.0,15,-88,582,19,D
1962,2019.12.19,,15.36.07,,0,5G,-97,-10,4.0,15,-88,479,129,D
1963,2019.12.19,,15.36.08,,0,5G,-98,-14,8.0,15,-88,192,10,D
1964,2019.12.19,,15.36.09,,0,5G,-98,-14,8.0,15,-88,235,10,D
1965,2019.12.19,,15.36.10,,0,5G,-98,-14,8.0,15,-88,157,10,D
1966,2019.12.19,,15.36.12,,0,5G,-98,-14,8.0,15,-88,890,38,D
1969,2019.12.19,,15.36.15,,0,5G,-97,-15,1.0,15,-88,11,0,D
1972,2019.12.19,,15.36.18,,0,5G,-97,-12,8.0,15,-88,11,2,D
1978,2019.12.19,,15.36.24,,0,5G,-100,-14,2.0,15,-88,11,4,D
1980,2019.12.19,,15.36.27,,0,5G,-98,-16,2.0,10,-90,11,1,D
1981,2019.12.19,,15.36.28,,0,5G,-97,-15,3.0,10,-90,57,5,D
1982,2019.12.19,,15.36.29,,0,5G,-97,-15,3.0,10,-90,17,4,D
1991,2019.12.19,,15.36.39,,0,5G,-97,-17,5.0,12,-89,14,6,D
1993,2019.12.19,,15.36.41,,0,5G,-97,-16,7.0,12,-89,19,2,D
1994,2019.12.19,,15.36.42,,0,5G,-97,-16,7.0,12,-89,20,1,D
1996,2019.12.19,,15.36.44,,0,5G,-97,-16,4.0,12,-89,35,4,D
1997,2019.12.19,,15.36.45,,0,5G,-97,-14,6.0,12,-89,25,2,D
1998,2019.12.19,,15.36.46,,0,5G,-97,-14,6.0,12,-89,39,25,D
1999,2019.12.19,,15.36.47,,0,5G,-97,-10,5.0,12,-89,13,1,D
2000,2019.12.19,,15.36.48,,0,5G,-97,-10,5.0,12,-89,33,2,D
2001,2019.12.19,,15.36.49,,0,5G,-97,-11,4.0,12,-89,69,15,D
2002,2019.12.19,,15.36.50,,0,5G,-97,-11,4.0,12,-89,11,1,D
2005,2019.12.19,,15.36.54,,0,5G,-97,-16,7.0,12,-87,28,8,D
2008,2019.12.19,,15.36.57,,0,5G,-97,-13,5.0,12,-87,11,1,D
2012,2019.12.19,,15.37.01,,0,5G,-97,-14,6.0,12,-80,892,32,D
2013,2019.12.19,,15.37.02,,0,5G,-97,-14,4.0,9,-87,4833,82,D
2014,2019.12.19,,15.37.03,,0,5G,-97,-14,4.0,9,-87,15415,275,D
2015,2019.12.19,,15.37.05,,0,5G,-98,-12,7.0,9,-87,48935,784,D
2016,2019.12.19,,15.37.06,,0,5G,-98,-12,7.0,9,-87,49540,474,D
2017,2019.12.19,,15.37.07,,0,5G,-97,-12,6.0,9,-87,61543,616,D
2018,2019.12.19,,15.37.08,,0,5G,-97,-12,6.0,9,-87,59515,556,D
2019,2019.12.19,,15.37.09,,0,5G,-97,-11,2.0,9,-87,61313,609,D
2020,2019.12.19,,15.37.10,,0,5G,-97,-11,2.0,9,-87,63348,598,D
2021,2019.12.19,,15.37.11,,0,5G,-97,-13,4.0,9,-87,5529,48,D
2023,2019.12.19,,15.37.13,,0,5G,-96,-13,3.0,9,-87,9889,93,D
2024,2019.12.19,,15.37.14,,0,5G,-96,-13,3.0,9,-87,48,1585,D
2025,2019.12.19,,15.37.15,,0,5G,-97,-14,4.0,9,-87,11059,146,D
2026,2019.12.19,,15.37.16,,0,5G,-97,-14,4.0,9,-87,24,15,D
2027,2019.12.19,,15.37.18,,0,5G,-97,-14,4.0,9,-87,10771,114,D
2029,2019.12.19,,15.37.20,,0,5G,-97,-13,10.0,9,-87,7331,60,D
2030,2019.12.19,,15.37.21,,0,5G,-97,-13,10.0,9,-85,3331,39,D
2031,2019.12.19,,15.37.22,,0,5G,-99,-15,1.0,9,-85,2159,19,D
2032,2019.12.19,,15.37.23,,0,5G,-99,-15,1.0,9,-85,9100,83,D
2033,2019.12.19,,15.37.24,,0,5G,-98,-17,2.0,9,-85,1560,12,D
2034,2019.12.19,,15.37.25,,0,5G,-98,-17,2.0,9,-85,10919,105,D
2036,2019.12.19,,15.37.27,,0,5G,-97,-17,2.0,14,-87,10755,98,D
2038,2019.12.19,,15.37.29,,0,5G,-97,-17,3.0,14,-87,10816,106,D
2040,2019.12.19,,15.37.32,,0,5G,-97,-17,4.0,14,-87,10410,103,D
2041,2019.12.19,,15.37.33,,0,5G,-97,-11,3.0,14,-87,637,20,D
2042,2019.12.19,,15.37.34,,0,5G,-97,-11,3.0,14,-87,6602,57,D
2043,2019.12.19,,15.37.35,,0,5G,-97,-15,1.0,14,-87,6717,72,D
2045,2019.12.19,,15.37.37,,0,5G,-97,-17,4.0,14,-87,5091,53,D
2046,2019.12.19,,15.37.38,,0,5G,-97,-17,4.0,14,-87,1516,10,D
2047,2019.12.19,,15.37.39,,0,5G,-99,-12,1.0,14,-87,10611,105,D
2049,2019.12.19,,15.37.41,,0,5G,-97,-16,5.0,14,-87,10410,108,D
2051,2019.12.19,,15.37.44,,0,5G,-97,-16,2.0,8,-89,11125,103,D
2053,2019.12.19,,15.37.46,,0,5G,-97,-15,2.0,12,-87,9972,91,D
2054,2019.12.19,,15.37.47,,0,5G,-97,-15,2.0,12,-87,5653,63,D
2055,2019.12.19,,15.37.48,,0,5G,-97,-16,2.0,12,-87,2472,21,D
2056,2019.12.19,,15.37.49,,0,5G,-97,-16,2.0,12,-87,9610,96,D
2058,2019.12.19,,15.37.51,,0,5G,-97,-17,2.0,8,-89,10347,102,D
2060,2019.12.19,,15.37.53,,0,5G,-97,-11,4.0,8,-89,11752,115,D
2062,2019.12.19,,15.37.56,,0,5G,-97,-12,2.0,8,-89,10497,94,D
2064,2019.12.19,,15.37.58,,0,5G,-97,-11,4.0,10,-87,10591,94,D
2065,2019.12.19,,15.37.59,,0,5G,-97,-12,-10.0,10,-87,2034,25,D
2066,2019.12.19,,15.38.00,,0,5G,-97,-12,-10.0,10,-87,5897,53,D
2067,2019.12.19,,15.38.01,,0,5G,-97,-13,4.0,10,-87,8567,86,D
2069,2019.12.19,,15.38.03,,0,5G,-97,-13,5.0,10,-87,9592,90,D
2071,2019.12.19,,15.38.05,,0,5G,-98,-16,1.0,10,-87,10521,102,D
2073,2019.12.19,,15.38.07,,0,5G,-97,-12,4.0,10,-87,10283,570,D
2074,2019.12.19,,15.38.08,,0,5G,-97,-12,4.0,10,-87,31,866,D
2075,2019.12.19,,15.38.10,,0,5G,-97,-13,5.0,10,-87,11086,108,D
2077,2019.12.19,,15.38.12,,0,5G,-97,-16,2.0,10,-87,7778,65,D
2078,2019.12.19,,15.38.13,,0,5G,-97,-16,2.0,10,-87,2804,35,D
2079,2019.12.19,,15.38.14,,0,5G,-97,-16,2.0,10,-87,6880,59,D
2080,2019.12.19,,15.38.15,,0,5G,-97,-16,2.0,10,-87,8120,78,D
2082,2019.12.19,,15.38.17,,0,5G,-98,-16,1.0,10,-87,12224,112,D
2084,2019.12.19,,15.38.19,,0,5G,-97,-17,3.0,10,-87,11397,106,D
2086,2019.12.19,,15.38.21,,0,5G,-97,-13,7.0,10,-87,10087,99,D
2088,2019.12.19,,15.38.24,,0,5G,-97,-16,13.0,10,-87,10320,94,D
2089,2019.12.19,,15.38.25,,0,5G,-97,-13,0.0,10,-87,1225,26,D
2090,2019.12.19,,15.38.26,,0,5G,-97,-13,0.0,10,-87,7064,59,D
2091,2019.12.19,,15.38.27,,0,5G,-97,-14,8.0,10,-87,5919,62,D
2092,2019.12.19,,15.38.28,,0,5G,-97,-14,8.0,10,-87,1842,15,D
2093,2019.12.19,,15.38.29,,0,5G,-97,-13,2.0,10,-87,10861,110,D
2095,2019.12.19,,15.38.31,,0,5G,-97,-14,9.0,10,-87,10408,107,D
2097,2019.12.19,,15.38.33,,0,5G,-97,-12,2.0,10,-87,10046,102,D
2099,2019.12.19,,15.38.36,,0,5G,-97,-17,0.0,10,-87,10402,99,D
2100,2019.12.19,,15.38.37,,0,5G,-97,-17,0.0,10,-87,31,918,D
2101,2019.12.19,,15.38.38,,0,5G,-97,-12,5.0,10,-87,8876,77,D
2102,2019.12.19,,15.38.39,,0,5G,-97,-12,5.0,10,-87,3148,40,D
2103,2019.12.19,,15.38.40,,0,5G,-97,-14,2.0,10,-87,5388,42,D
2104,2019.12.19,,15.38.41,,0,5G,-97,-14,2.0,10,-87,9698,97,D
2106,2019.12.19,,15.38.43,,0,5G,-97,-15,0.0,10,-87,3959,46,D
2108,2019.12.19,,15.38.45,,0,5G,-97,-13,1.0,10,-87,755,19,D
2110,2019.12.19,,15.38.47,,0,5G,-98,-16,1.0,10,-87,875,23,D
2112,2019.12.19,,15.38.50,,0,5G,-97,-15,2.0,11,-89,621,20,D
2115,2019.12.19,,15.38.53,,0,5G,-98,-14,8.0,11,-89,739,19,D
2117,2019.12.19,,15.38.55,,0,5G,-97,-17,3.0,9,-87,541,16,D
2119,2019.12.19,,15.38.57,,0,5G,-97,-18,0.0,9,-87,456,17,D
2121,2019.12.19,,15.38.59,,0,5G,-97,-13,-1.0,9,-87,435,14,D
2123,2019.12.19,,15.39.02,,0,5G,-98,-11,6.0,9,-87,443,16,D
2125,2019.12.19,,15.39.04,,0,5G,-97,-15,6.0,9,-87,1040,14,D
2126,2019.12.19,,15.39.05,,0,5G,-97,-15,6.0,9,-87,1813,27,D
2127,2019.12.19,,15.39.06,,0,5G,-97,-12,1.0,9,-87,20,0,D
2128,2019.12.19,,15.39.07,,0,5G,-97,-12,1.0,9,-87,1652,26,D
2129,2019.12.19,,15.39.08,,0,5G,-97,-16,4.0,9,-87,33,1004,D
2130,2019.12.19,,15.39.09,,0,5G,-97,-16,4.0,9,-87,1145,29,D
2132,2019.12.19,,15.39.11,,0,5G,-97,-16,6.0,9,-87,1521,25,D
2134,2019.12.19,,15.39.13,,0,5G,-97,-13,2.0,9,-87,1876,41,D
2136,2019.12.19,,15.39.16,,0,5G,-98,-16,5.0,9,-89,1788,23,D
2138,2019.12.19,,15.39.18,,0,5G,-97,-14,5.0,8,-87,475,7,D
2139,2019.12.19,,15.39.19,,0,5G,-97,-16,2.0,8,-87,947,20,D
2141,2019.12.19,,15.39.21,,0,5G,-97,-16,2.0,8,-87,1135,24,D
2143,2019.12.19,,15.39.23,,0,5G,-98,-17,4.0,8,-87,1388,22,D
2144,2019.12.19,,15.39.24,,0,5G,-98,-17,4.0,8,-87,79,14,D
2145,2019.12.19,,15.39.25,,0,5G,-97,-16,6.0,8,-87,1421,32,D
2147,2019.12.19,,15.39.27,,0,5G,-97,-15,1.0,8,-87,1270,20,D
2149,2019.12.19,,15.39.30,,0,5G,-97,-17,2.0,8,-87,1798,20,D
2150,2019.12.19,,15.39.31,,0,5G,-97,-17,2.0,8,-87,760,20,D
2151,2019.12.19,,15.39.32,,0,5G,-97,-16,11.0,8,-87,25,0,D
2152,2019.12.19,,15.39.33,,0,5G,-97,-16,11.0,8,-87,1487,28,D
2154,2019.12.19,,15.39.35,,0,5G,-97,-16,6.0,8,-87,1538,29,D
2156,2019.12.19,,15.39.37,,0,5G,-97,-16,6.0,8,-87,1520,30,D
2158,2019.12.19,,15.39.39,,0,5G,-97,-17,10.0,8,-87,1243,23,D
2160,2019.12.19,,15.39.42,,0,5G,-98,-15,1.0,8,-87,583,20,D
2162,2019.12.19,,15.39.44,,0,5G,-98,-16,4.0,8,-87,925,12,D
2163,2019.12.19,,15.39.45,,0,5G,-98,-15,6.0,8,-87,249,12,D
2184,2019.12.19,,15.40.08,,0,5G,-97,-15,2.0,11,-81,23,712,D
2217,2019.12.19,,15.40.43,,0,5G,-98,-12,4.0,10,-88,96,22,D
2278,2019.12.19,,15.41.49,,0,5G,-98,-14,5.0,9,-85,480,46,D
2283,2019.12.19,,15.41.55,,0,5G,-101,-16,0.0,9,-85,23,107,D
2284,2019.12.19,,15.41.56,,0,5G,-101,-16,0.0,12,-90,910,82,D
