,Date,Day,Day_Timeframe,Timestamp,Timeframe,Speed,NetworkMode,RSRP,RSRQ,SNR,CQI,RSSI,DL_bitrate,UL_bitrate,State
4,2019.12.06,,,09.55.15,,0,5G,-102,-11,2.0,14,-86,45,13,D
5,2019.12.06,,,09.55.16,,0,5G,-102,-11,2.0,14,-86,164,87,D
6,2019.12.06,,,09.55.17,,0,5G,-104,-10,5.0,14,-86,505,61,D
7,2019.12.06,,,09.55.18,,0,5G,-104,-10,5.0,14,-86,33890,1057,D
8,2019.12.06,,,09.55.19,,0,5G,-102,-15,-2.0,14,-86,489,18,D
10,2019.12.06,,,09.55.21,,0,5G,-102,-16,2.0,14,-86,5163,254,D
11,2019.12.06,,,09.55.23,,0,5G,-102,-16,2.0,11,-88,113826,876,D
12,2019.12.06,,,09.55.24,,0,5G,-96,-9,16.0,13,-86,106654,460,D
13,2019.12.06,,,09.55.25,,0,5G,-96,-9,16.0,10,-,110,33,D
15,2019.12.06,,,09.55.27,,0,5G,-96,-16,15.0,10,-,19937,301,D
17,2019.12.06,,,09.55.29,,0,5G,-95,-14,6.0,10,-,49,17,D
32,2019.12.06,,,09.55.45,,0,5G,-95,-9,9.0,10,-86,83,236,D
54,2019.12.06,,,09.56.09,,0,5G,-96,-9,-9.0,12,-,21881,262,D
61,2019.12.06,,,09.56.17,,0,5G,-97,-8,5.0,12,-,14,0,D
66,2019.12.06,,,09.56.22,,0,5G,-98,-10,9.0,11,-85,15,26,D
96,2019.12.06,,,09.56.55,,0,5G,-97,-8,2.0,12,-82,11095,376,D
97,2019.12.06,,,09.56.56,,0,5G,-97,-8,2.0,13,-80,3123,45,D
98,2019.12.06,,,09.56.57,,0,5G,-96,-10,2.0,13,-80,18252,225,D
102,2019.12.06,,,09.57.01,,0,5G,-97,-16,11.0,15,-82,56,37,D
118,2019.12.06,,,09.57.18,,0,5G,-97,-10,3.0,15,-80,38,110,D
119,2019.12.06,,,09.57.19,,0,5G,-97,-10,3.0,15,-80,19,24,D
122,2019.12.06,,,09.57.23,,0,5G,-97,-10,-1.0,15,-80,26,6,D
124,2019.12.06,,,09.57.25,,0,5G,-97,-9,3.0,14,-82,19935,663,D
125,2019.12.06,,,09.57.26,,0,5G,-97,-9,3.0,14,-82,1178,17,D
129,2019.12.06,,,09.57.30,,0,5G,-97,-9,2.0,14,-82,23780,740,D
140,2019.12.06,,,09.57.42,,0,5G,-97,-16,3.0,15,-80,3526,69,D
141,2019.12.06,,,09.57.43,,0,5G,-97,-16,3.0,15,-80,12693,128,D
142,2019.12.06,,,09.57.44,,0,5G,-97,-16,3.0,9,-82,16298,123,D
177,2019.12.06,,,09.58.22,,0,5G,-97,-13,5.0,10,-80,16,27,D
184,2019.12.06,,,09.58.30,,0,5G,-97,-9,8.0,9,-82,27522,201,D
188,2019.12.06,,,09.58.34,,0,5G,-97,-9,12.0,9,-82,11,1,D
226,2019.12.06,,,09.59.15,,0,5G,-97,-15,4.0,12,-82,32572,260,D
232,2019.12.06,,,09.59.22,,0,5G,-97,-8,4.0,12,-82,15,27,D
268,2019.12.06,,,10.00.01,,0,5G,-97,-9,13.0,14,-82,21026,195,D
269,2019.12.06,,,10.00.02,,0,5G,-97,-9,13.0,14,-82,9897,81,D
288,2019.12.06,,,10.00.22,,0,5G,-96,-8,4.0,14,-82,15,28,D
310,2019.12.06,,,10.00.46,,0,5G,-96,-13,12.0,11,-79,2033,27,D
311,2019.12.06,,,10.00.47,,0,5G,-96,-13,12.0,11,-79,5332,84,D
313,2019.12.06,,,10.00.49,,0,5G,-97,-13,2.0,11,-79,7600,166,D
314,2019.12.06,,,10.00.50,,0,5G,-97,-10,8.0,11,-79,4631,98,D
322,2019.12.06,,,10.00.59,,0,5G,-97,-9,13.0,11,-82,11,0,D
323,2019.12.06,,,10.01.00,,0,5G,-97,-9,13.0,11,-82,18478,175,D
343,2019.12.06,,,10.01.22,,0,5G,-97,-8,6.0,11,-82,15,27,D
365,2019.12.06,,,10.01.46,,0,5G,-97,-15,10.0,14,-82,29677,321,D
399,2019.12.06,,,10.02.23,,0,5G,-97,-8,12.0,13,-82,15,27,D
407,2019.12.06,,,10.02.31,,0,5G,-97,-9,3.0,13,-82,16457,152,D
408,2019.12.06,,,10.02.32,,0,5G,-97,-10,12.0,13,-82,13515,123,D
451,2019.12.06,,,10.03.19,,0,5G,-96,-8,13.0,14,-80,4248,79,D
452,2019.12.06,,,10.03.20,,0,5G,-96,-12,15.0,10,-82,13909,167,D
453,2019.12.06,,,10.03.21,,0,5G,-96,-12,15.0,10,-82,20672,147,D
454,2019.12.06,,,10.03.22,,0,5G,-96,-13,-8.0,10,-82,15,28,D
495,2019.12.06,,,10.04.06,,0,5G,-96,-10,4.0,9,-80,25924,182,D
511,2019.12.06,,,10.04.24,,0,5G,-97,-9,2.0,12,-79,13,0,D
537,2019.12.06,,,10.04.52,,0,5G,-97,-13,12.0,13,-81,35064,244,D
565,2019.12.06,,,10.05.22,,0,5G,-97,-12,3.0,13,-81,16,27,D
579,2019.12.06,,,10.05.37,,0,5G,-97,-9,4.0,13,-81,22343,126,D
580,2019.12.06,,,10.05.38,,0,5G,-97,-9,14.0,13,-81,12472,58,D
619,2019.12.06,,,10.06.21,,0,5G,-97,-8,14.0,13,-81,53,41,D
621,2019.12.06,,,10.06.23,,0,5G,-97,-10,12.0,13,-81,7627,60,D
622,2019.12.06,,,10.06.24,,0,5G,-97,-15,8.0,13,-81,17903,93,D
658,2019.12.06,,,10.07.02,,0,5G,-97,-8,8.0,13,-81,11,1,D
664,2019.12.06,,,10.07.09,,0,5G,-97,-10,6.0,13,-81,27285,150,D
676,2019.12.06,,,10.07.22,,0,5G,-97,-13,13.0,13,-81,15,27,D
699,2019.12.06,,,10.07.47,,0,5G,-97,-9,8.0,14,-78,15,46,D
706,2019.12.06,,,10.07.54,,0,5G,-97,-12,12.0,11,-81,25072,146,D
734,2019.12.06,,,10.08.25,,0,5G,-97,-11,9.0,11,-81,15,26,D
748,2019.12.06,,,10.08.40,,0,5G,-97,-8,12.0,12,-81,10219,69,D
787,2019.12.06,,,10.09.22,,0,5G,-96,-12,12.0,13,-81,15,27,D
791,2019.12.06,,,10.09.26,,0,5G,-97,-12,15.0,15,-79,8592,131,D
792,2019.12.06,,,10.09.27,,0,5G,-97,-9,13.0,15,-79,13543,163,D
833,2019.12.06,,,10.10.12,,0,5G,-97,-8,4.0,12,-81,3551,34,D
843,2019.12.06,,,10.10.23,,0,5G,-97,-10,3.0,12,-81,15,27,D
876,2019.12.06,,,10.10.58,,0,5G,-96,-8,6.0,14,-80,731,12,D
883,2019.12.06,,,10.11.06,,0,5G,-96,-12,4.0,14,-80,801,119,D
898,2019.12.06,,,10.11.22,,0,5G,-97,-11,3.0,14,-81,18,33,D
914,2019.12.06,,,10.11.40,,0,5G,-97,-10,10.0,14,-81,11,1,D
943,2019.12.06,,,10.12.11,,0,5G,-97,-9,8.0,14,-81,195,369,D
944,2019.12.06,,,10.12.12,,0,5G,-96,-11,4.0,14,-81,66031,1637,D
945,2019.12.06,,,10.12.13,,0,5G,-96,-11,4.0,14,-81,136028,1271,D
946,2019.12.06,,,10.12.14,,0,5G,-96,-9,5.0,14,-81,60434,339,D
948,2019.12.06,,,10.12.16,,0,5G,-97,-11,3.0,14,-81,9348,32,D
988,2019.12.06,,,10.13.00,,0,5G,-97,-10,6.0,12,-81,23885,109,D
999,2019.12.06,,,10.13.12,,0,5G,-97,-10,8.0,12,-81,17,30,D
1003,2019.12.06,,,10.13.16,,0,5G,-97,-9,14.0,12,-81,15,37,D
1030,2019.12.06,,,10.13.45,,0,5G,-97,-15,2.0,15,-80,13283,225,D
1031,2019.12.06,,,10.13.46,,0,5G,-97,-15,2.0,15,-80,27102,170,D
1055,2019.12.06,,,10.14.12,,0,5G,-96,-14,10.0,15,-81,17,30,D
1074,2019.12.06,,,10.14.33,,0,5G,-96,-13,-6.0,10,-81,4139,77,D
1075,2019.12.06,,,10.14.34,,0,5G,-96,-13,-6.0,9,-79,4264,53,D
1076,2019.12.06,,,10.14.35,,0,5G,-96,-11,15.0,14,-81,14533,182,D
1077,2019.12.06,,,10.14.36,,0,5G,-96,-11,15.0,14,-81,5008,34,D
1098,2019.12.06,,,10.14.59,,0,5G,-96,-11,11.0,14,-81,59,12,D
1099,2019.12.06,,,10.15.00,,0,5G,-96,-11,11.0,14,-81,17,1,D
1110,2019.12.06,,,10.15.12,,0,5G,-95,-15,6.0,9,-78,15,26,D
1118,2019.12.06,,,10.15.20,,0,5G,-95,-9,8.0,11,-80,23318,151,D
1119,2019.12.06,,,10.15.22,,0,5G,-95,-9,8.0,11,-80,5720,29,D
1160,2019.12.06,,,10.16.06,,0,5G,-98,-9,4.0,15,-83,18172,126,D
1166,2019.12.06,,,10.16.12,,0,5G,-99,-10,9.0,15,-83,17,27,D
1202,2019.12.06,,,10.16.51,,0,5G,-98,-12,1.0,11,-84,21013,124,D
1203,2019.12.06,,,10.16.52,,0,5G,-98,-12,1.0,11,-84,7655,39,D
1221,2019.12.06,,,10.17.12,,0,5G,-99,-9,1.0,6,-82,54,42,D
1241,2019.12.06,,,10.17.34,,0,5G,-98,-9,9.0,15,-84,42,15,D
1244,2019.12.06,,,10.17.37,,0,5G,-98,-10,-1.0,15,-84,23050,144,D
1245,2019.12.06,,,10.17.38,,0,5G,-98,-10,-1.0,15,-84,3872,15,D
1277,2019.12.06,,,10.18.12,,0,5G,-98,-14,0.0,14,-,15,5,D
1286,2019.12.06,,,10.18.22,,0,5G,-98,-11,5.0,14,-,26052,147,D
1287,2019.12.06,,,10.18.23,,0,5G,-98,-11,5.0,14,-,2057,15,D
1328,2019.12.06,,,10.19.08,,0,5G,-99,-11,7.0,15,-,22864,120,D
1332,2019.12.06,,,10.19.12,,0,5G,-102,-14,3.0,15,-,15,26,D
1370,2019.12.06,,,10.19.53,,0,5G,-102,-12,0.0,12,-89,33127,161,D
1389,2019.12.06,,,10.20.14,,0,5G,-101,-11,-5.0,10,-,14,0,D
1412,2019.12.06,,,10.20.39,,0,5G,-102,-11,3.0,12,-88,32107,144,D
1444,2019.12.06,,,10.21.13,,0,5G,-102,-12,0.0,7,-87,18,15,D
1454,2019.12.06,,,10.21.24,,0,5G,-101,-11,-1.0,13,-87,4483,168,D
1455,2019.12.06,,,10.21.25,,0,5G,-101,-11,-1.0,13,-87,10305,126,D
1456,2019.12.06,,,10.21.26,,0,5G,-101,-13,9.0,13,-87,12701,114,D
1457,2019.12.06,,,10.21.27,,0,5G,-101,-13,9.0,13,-87,2538,22,D
1474,2019.12.06,,,10.21.46,,0,5G,-102,-10,7.0,11,-,11,1,D
1499,2019.12.06,,,10.22.13,,0,5G,-100,-10,3.0,14,-,12201,160,D
1500,2019.12.06,,,10.22.14,,0,5G,-101,-11,3.0,14,-,5581,46,D
1501,2019.12.06,,,10.22.15,,0,5G,-101,-11,3.0,14,-,4349,38,D
1502,2019.12.06,,,10.22.16,,0,5G,-102,-11,4.0,15,-,1458,45,D
1503,2019.12.06,,,10.22.17,,0,5G,-102,-11,4.0,15,-,2488,33,D
1504,2019.12.06,,,10.22.18,,0,5G,-102,-11,8.0,15,-,3940,32,D
1505,2019.12.06,,,10.22.19,,0,5G,-102,-11,8.0,15,-,2507,16,D
1547,2019.12.06,,,10.23.05,,0,5G,-101,-10,3.0,14,-89,14292,142,D
1548,2019.12.06,,,10.23.06,,0,5G,-100,-12,4.0,14,-89,19334,165,D
1554,2019.12.06,,,10.23.12,,0,5G,-101,-11,9.0,15,-89,15,26,D
1590,2019.12.06,,,10.23.51,,0,5G,-101,-12,9.0,11,-87,31011,212,D
1609,2019.12.06,,,10.24.12,,0,5G,-102,-10,0.0,12,-,15,26,D
1632,2019.12.06,,,10.24.37,,0,5G,-102,-14,2.0,12,-89,8821,131,D
1633,2019.12.06,,,10.24.38,,0,5G,-102,-14,2.0,12,-89,5447,82,D
1634,2019.12.06,,,10.24.39,,0,5G,-102,-13,-2.0,12,-89,11942,130,D
1635,2019.12.06,,,10.24.40,,0,5G,-102,-13,-2.0,12,-89,1853,15,D
1636,2019.12.06,,,10.24.41,,0,5G,-102,-10,5.0,12,-89,1127,41,D
1637,2019.12.06,,,10.24.42,,0,5G,-102,-10,5.0,12,-89,4389,78,D
1652,2019.12.06,,,10.24.58,,0,5G,-100,-15,5.0,13,-,33,11,D
1659,2019.12.06,,,10.25.06,,0,5G,-100,-11,2.0,14,-89,12,37,D
1665,2019.12.06,,,10.25.12,,0,5G,-101,-13,-1.0,12,-,15,26,D
1676,2019.12.06,,,10.25.24,,0,5G,-103,-11,8.0,14,-,3331,70,D
1677,2019.12.06,,,10.25.26,,0,5G,-103,-11,8.0,11,-85,3062,49,D
1679,2019.12.06,,,10.25.28,,0,5G,-102,-13,10.0,11,-90,863,30,D
1680,2019.12.06,,,10.25.29,,0,5G,-102,-15,2.0,12,-85,1680,27,D
1681,2019.12.06,,,10.25.30,,0,5G,-102,-15,2.0,13,-89,11,0,D
1683,2019.12.06,,,10.25.32,,0,5G,-103,-15,0.0,13,-84,691,19,D
1684,2019.12.06,,,10.25.33,,0,5G,-101,-14,7.0,13,-84,8468,143,D
1685,2019.12.06,,,10.25.34,,0,5G,-101,-14,7.0,14,-89,3224,62,D
1686,2019.12.06,,,10.25.35,,0,5G,-100,-10,6.0,14,-89,10903,99,D
1720,2019.12.06,,,10.26.12,,0,5G,-101,-10,7.0,14,-84,15,26,D
1727,2019.12.06,,,10.26.20,,0,5G,-101,-10,7.0,14,-84,4162,71,D
1728,2019.12.06,,,10.26.21,,0,5G,-102,-12,8.0,14,-84,6380,82,D
1729,2019.12.06,,,10.26.22,,0,5G,-102,-12,8.0,9,-89,19646,159,D
1763,2019.12.06,,,10.26.59,,0,5G,-101,-10,8.0,13,-88,11,1,D
1771,2019.12.06,,,10.27.07,,0,5G,-101,-11,4.0,14,-88,34470,234,D
1776,2019.12.06,,,10.27.13,,0,5G,-102,-12,-4.0,14,-88,16,3,D
1813,2019.12.06,,,10.27.53,,0,5G,-102,-12,-2.0,12,-85,18528,289,D
1814,2019.12.06,,,10.27.54,,0,5G,-102,-15,1.0,12,-85,12199,197,D
1831,2019.12.06,,,10.28.12,,0,5G,-101,-12,2.0,11,-,15,26,D
1856,2019.12.06,,,10.28.39,,0,5G,-102,-13,-3.0,11,-,11087,181,D
1857,2019.12.06,,,10.28.40,,0,5G,-102,-13,-3.0,11,-,17295,242,D
1858,2019.12.06,,,10.28.42,,0,5G,-102,-16,0.0,11,-,4562,48,D
1899,2019.12.06,,,10.29.26,,0,5G,-101,-11,6.0,11,-,4759,69,D
1900,2019.12.06,,,10.29.27,,0,5G,-100,-13,6.0,14,-83,24974,336,D
1942,2019.12.06,,,10.30.12,,0,5G,-100,-11,5.0,11,-,10873,207,D
1943,2019.12.06,,,10.30.13,,0,5G,-100,-11,5.0,11,-,18013,264,D
1985,2019.12.06,,,10.30.59,,0,5G,-100,-13,5.0,14,-83,20785,324,D
1986,2019.12.06,,,10.31.00,,0,5G,-100,-14,4.0,14,-83,11865,198,D
1999,2019.12.06,,,10.31.14,,0,5G,-100,-13,6.0,13,-83,15,25,D
2028,2019.12.06,,,10.31.45,,0,5G,-100,-11,2.0,14,-83,5983,105,D
2029,2019.12.06,,,10.31.46,,0,5G,-100,-11,2.0,14,-83,22918,349,D
2047,2019.12.06,,,10.32.06,,0,5G,-101,-15,3.0,8,-90,14,6,D
2053,2019.12.06,,,10.32.12,,0,5G,-101,-15,-2.0,8,-90,22,27,D
2071,2019.12.06,,,10.32.32,,0,5G,-101,-10,4.0,12,-83,7599,134,D
2072,2019.12.06,,,10.32.33,,0,5G,-102,-15,-1.0,14,-85,15538,255,D
2073,2019.12.06,,,10.32.34,,0,5G,-102,-15,-1.0,14,-85,8385,135,D
2074,2019.12.06,,,10.32.35,,0,5G,-100,-16,2.0,11,-83,5266,92,D
2116,2019.12.06,,,10.33.21,,0,5G,-101,-12,8.0,13,-,30507,152,D
2149,2019.12.06,,,10.33.56,,0,5G,-101,-13,4.0,14,-,53,33,D
2157,2019.12.06,,,10.34.05,,0,5G,-99,-10,8.0,9,-82,472,21,D
2158,2019.12.06,,,10.34.06,,0,5G,-101,-10,9.0,10,-84,23951,363,D
2159,2019.12.06,,,10.34.07,,0,5G,-101,-10,9.0,10,-84,8344,112,D
2164,2019.12.06,,,10.34.13,,0,5G,-100,-10,-1.0,13,-84,18,31,D
2201,2019.12.06,,,10.34.53,,0,5G,-102,-14,6.0,14,-,12285,211,D
2202,2019.12.06,,,10.34.54,,0,5G,-101,-14,-3.0,14,-,21139,292,D
2208,2019.12.06,,,10.35.00,,0,5G,-102,-12,1.0,14,-,55,11,D
2219,2019.12.06,,,10.35.12,,0,5G,-101,-10,3.0,14,-,15,26,D
2244,2019.12.06,,,10.35.39,,0,5G,-101,-11,7.0,14,-,9019,144,D
2245,2019.12.06,,,10.35.40,,0,5G,-101,-11,7.0,14,-,14410,224,D
2246,2019.12.06,,,10.35.41,,0,5G,-101,-15,4.0,14,-,8769,137,D
2275,2019.12.06,,,10.36.13,,0,5G,-101,-11,-7.0,14,-,19,33,D
2288,2019.12.06,,,10.36.27,,0,5G,-101,-9,-1.0,14,-,11118,179,D
2289,2019.12.06,,,10.36.28,,0,5G,-101,-9,-1.0,15,-85,21654,341,D
2291,2019.12.06,,,10.36.30,,0,5G,-102,-10,6.0,15,-85,11,1,D
2330,2019.12.06,,,10.37.12,,0,5G,-100,-12,7.0,13,-,15,26,D
2331,2019.12.06,,,10.37.13,,0,5G,-100,-12,7.0,13,-,6861,112,D
2332,2019.12.06,,,10.37.14,,0,5G,-100,-11,10.0,13,-,12397,213,D
2333,2019.12.06,,,10.37.15,,0,5G,-100,-11,10.0,13,-,12993,190,D
2375,2019.12.06,,,10.38.01,,0,5G,-100,-8,10.0,13,-,18260,267,D
2376,2019.12.06,,,10.38.02,,0,5G,-100,-13,5.0,13,-,10427,144,D
2386,2019.12.06,,,10.38.12,,0,5G,-101,-13,-3.0,13,-,17,27,D
2418,2019.12.06,,,10.38.47,,0,5G,-103,-12,-1.0,12,-86,20935,324,D
2419,2019.12.06,,,10.38.48,,0,5G,-103,-12,-1.0,12,-86,12369,151,D
2441,2019.12.06,,,10.39.12,,0,5G,-101,-18,11.0,13,-84,35,39,D
2461,2019.12.06,,,10.39.34,,0,5G,-103,-13,10.0,12,-86,27500,378,D
2462,2019.12.06,,,10.39.35,,0,5G,-103,-12,0.0,12,-86,1276,12,D
2497,2019.12.06,,,10.40.13,,0,5G,-102,-12,-2.0,13,-,15,26,D
2503,2019.12.06,,,10.40.19,,0,5G,-102,-14,7.0,12,-,4943,81,D
2504,2019.12.06,,,10.40.20,,0,5G,-102,-15,2.0,12,-,24107,397,D
2505,2019.12.06,,,10.40.21,,0,5G,-102,-15,2.0,12,-,291,2,D
2546,2019.12.06,,,10.41.06,,0,5G,-100,-11,10.0,12,-,4839,84,D
2547,2019.12.06,,,10.41.07,,0,5G,-100,-11,10.0,12,-,20798,239,D
2553,2019.12.06,,,10.41.13,,0,5G,-101,-13,-2.0,12,-,13,0,D
2575,2019.12.06,,,10.41.37,,0,5G,-102,-10,14.0,12,-,11,1,D
2589,2019.12.06,,,10.41.52,,0,5G,-101,-11,0.0,14,-84,14721,245,D
2590,2019.12.06,,,10.41.53,,0,5G,-100,-13,8.0,14,-84,3402,48,D
2592,2019.12.06,,,10.41.55,,0,5G,-101,-12,5.0,12,-87,46,4,D
2593,2019.12.06,,,10.41.56,,0,5G,-101,-12,5.0,13,-84,7349,140,D
2594,2019.12.06,,,10.41.58,,0,5G,-101,-14,1.0,13,-84,9026,160,D
2608,2019.12.06,,,10.42.13,,0,5G,-100,-11,7.0,15,-83,16,50,D
2636,2019.12.06,,,10.42.43,,0,5G,-100,-9,4.0,12,-87,33772,267,D
2663,2019.12.06,,,10.43.12,,0,5G,-101,-15,0.0,12,-84,16,26,D
2678,2019.12.06,,,10.43.29,,0,5G,-100,-12,8.0,8,-88,19683,149,D
2679,2019.12.06,,,10.43.30,,0,5G,-100,-12,8.0,8,-88,11175,66,D
2722,2019.12.06,,,10.44.16,,0,5G,-101,-11,6.0,10,-84,9147,149,D
2723,2019.12.06,,,10.44.17,,0,5G,-101,-11,6.0,10,-84,1428,24,D
2725,2019.12.06,,,10.44.20,,0,5G,-100,-10,5.0,14,-84,545,36,D
2726,2019.12.06,,,10.44.21,,0,5G,-101,-12,0.0,14,-84,4437,91,D
2727,2019.12.06,,,10.44.22,,0,5G,-101,-12,0.0,10,-82,6319,102,D
2732,2019.12.06,,,10.44.27,,0,5G,-101,-15,1.0,15,-86,2324,60,D
2741,2019.12.06,,,10.44.37,,0,5G,-102,-14,4.0,15,-,331,17,D
2742,2019.12.06,,,10.44.38,,0,5G,-103,-13,-5.0,10,-87,11455,120,D
2743,2019.12.06,,,10.44.39,,0,5G,-103,-13,-5.0,10,-87,7330,65,D
2748,2019.12.06,,,10.44.45,,0,5G,-103,-15,7.0,10,-87,91,6,D
2749,2019.12.06,,,10.44.46,,0,5G,-103,-15,7.0,10,-87,11989,103,D
2774,2019.12.06,,,10.45.13,,0,5G,-103,-14,1.0,9,-87,15,26,D
2790,2019.12.06,,,10.45.30,,0,5G,-101,-13,8.0,9,-87,10267,83,D
2791,2019.12.06,,,10.45.31,,0,5G,-101,-13,8.0,9,-87,21366,133,D
2829,2019.12.06,,,10.46.12,,0,5G,-101,-12,2.0,14,-88,15,26,D
2832,2019.12.06,,,10.46.16,,0,5G,-101,-13,0.0,14,-88,430,20,D
2833,2019.12.06,,,10.46.17,,0,5G,-101,-13,0.0,14,-88,32404,219,D
2848,2019.12.06,,,10.46.33,,0,5G,-102,-13,7.0,15,-85,11,1,D
2875,2019.12.06,,,10.47.02,,0,5G,-101,-13,2.0,11,-,1118,24,D
2876,2019.12.06,,,10.47.03,,0,5G,-101,-13,6.0,11,-,20151,210,D
2885,2019.12.06,,,10.47.13,,0,5G,-101,-11,7.0,11,-,15,26,D
2918,2019.12.06,,,10.47.49,,0,5G,-101,-12,11.0,14,-,5286,85,D
2919,2019.12.06,,,10.47.50,,0,5G,-101,-12,11.0,10,-84,5124,110,D
2920,2019.12.06,,,10.47.51,,0,5G,-101,-11,-2.0,10,-84,11,14,D
2921,2019.12.06,,,10.47.52,,0,5G,-101,-11,-2.0,10,-84,13612,236,D
2922,2019.12.06,,,10.47.53,,0,5G,-101,-14,5.0,10,-84,14515,208,D
2923,2019.12.06,,,10.47.54,,0,5G,-101,-14,5.0,10,-84,5509,85,D
2944,2019.12.06,,,10.48.17,,0,5G,-104,-10,-4.0,14,-,15,25,D
2964,2019.12.06,,,10.48.38,,0,5G,-100,-11,1.0,15,-88,25931,167,D
2965,2019.12.06,,,10.48.40,,0,5G,-100,-11,1.0,15,-88,3933,14,D
2989,2019.12.06,,,10.49.05,,0,5G,-102,-12,4.0,15,-85,29,29,D
2996,2019.12.06,,,10.49.13,,0,5G,-101,-11,-8.0,15,-84,15,36,D
3006,2019.12.06,,,10.49.24,,0,5G,-103,-12,9.0,14,-86,22058,132,D
3048,2019.12.06,,,10.50.09,,0,LTE,-97,-11,6.0,15,-,2413,70,D
3049,2019.12.06,,,10.50.10,,0,LTE,-97,-11,6.0,15,-,11767,159,D
3050,2019.12.06,,,10.50.11,,0,LTE,-97,-12,6.0,9,-83,15368,203,D
3051,2019.12.06,,,10.50.12,,0,LTE,-97,-12,6.0,9,-83,1275,38,D
3085,2019.12.06,,,10.50.49,,0,5G,-100,-12,10.0,13,-,204,72,D
3086,2019.12.06,,,10.50.50,,0,5G,-101,-11,1.0,13,-,66,13,D
3092,2019.12.06,,,10.50.57,,0,5G,-101,-13,-2.0,13,-,32625,177,D
3094,2019.12.06,,,10.50.59,,0,5G,-101,-11,2.0,12,-,52,15,D
3095,2019.12.06,,,10.51.00,,0,5G,-101,-11,2.0,12,-,117,162,D
3107,2019.12.06,,,10.51.13,,0,5G,-101,-10,9.0,11,-,15,15,D
3133,2019.12.06,,,10.51.41,,0,5G,-100,-10,4.0,14,-87,3557,38,D
3134,2019.12.06,,,10.51.43,,0,5G,-100,-10,10.0,14,-87,23408,117,D
3136,2019.12.06,,,10.51.45,,0,5G,-100,-10,8.0,14,-87,11,1,D
3144,2019.12.06,,,10.51.53,,0,5G,-100,-13,5.0,14,-87,56,42,D
3162,2019.12.06,,,10.52.13,,0,5G,-101,-11,5.0,13,-,15,26,D
3175,2019.12.06,,,10.52.27,,0,5G,-101,-10,8.0,9,-,11154,70,D
3176,2019.12.06,,,10.52.28,,0,5G,-101,-14,10.0,9,-,17266,69,D
3217,2019.12.06,,,10.53.12,,0,5G,-100,-15,8.0,12,-88,17344,119,D
3218,2019.12.06,,,10.53.13,,0,5G,-101,-11,-1.0,12,-88,12779,49,D
3259,2019.12.06,,,10.53.58,,0,5G,-101,-10,5.0,12,-87,22155,106,D
3273,2019.12.06,,,10.54.13,,0,5G,-101,-16,7.0,12,-87,15,26,D
3301,2019.12.06,,,10.54.43,,0,5G,-99,-10,6.0,12,-89,33968,168,D
3309,2019.12.06,,,10.54.52,,0,5G,-101,-14,6.0,12,-87,47,20,D
3317,2019.12.06,,,10.55.01,,0,5G,-100,-12,10.0,12,-87,79,12,D
3328,2019.12.06,,,10.55.13,,0,5G,-99,-8,13.0,14,-88,17,30,D
3333,2019.12.06,,,10.55.18,,0,5G,-100,-13,-1.0,13,-86,26,14,D
3343,2019.12.06,,,10.55.29,,0,5G,-99,-14,8.0,12,-86,34591,162,D
3384,2019.12.06,,,10.56.13,,0,5G,-100,-14,-1.0,14,-83,16,30,D
3386,2019.12.06,,,10.56.15,,0,5G,-99,-13,2.0,14,-82,575,25,D
3387,2019.12.06,,,10.56.17,,0,5G,-99,-13,2.0,13,-84,14516,235,D
3388,2019.12.06,,,10.56.18,,0,5G,-101,-18,0.0,13,-84,15996,254,D
3389,2019.12.06,,,10.56.19,,0,5G,-101,-18,0.0,13,-84,1764,25,D
3430,2019.12.06,,,10.57.03,,0,5G,-100,-13,-2.0,14,-83,9959,182,D
3431,2019.12.06,,,10.57.04,,0,5G,-100,-13,-2.0,15,-88,22259,157,D
3439,2019.12.06,,,10.57.13,,0,5G,-100,-9,9.0,15,-88,14,26,D
3473,2019.12.06,,,10.57.50,,0,5G,-100,-12,0.0,15,-83,14636,236,D
3474,2019.12.06,,,10.57.51,,0,5G,-102,-13,7.0,14,-85,18365,233,D
3495,2019.12.06,,,10.58.13,,0,5G,-100,-14,-1.0,7,-,16,15,D
3517,2019.12.06,,,10.58.37,,0,5G,-100,-11,2.0,12,-88,10873,180,D
3518,2019.12.06,,,10.58.38,,0,5G,-101,-17,-1.0,8,-84,9143,141,D
3519,2019.12.06,,,10.58.39,,0,5G,-101,-17,-1.0,9,-89,2046,139,D
3520,2019.12.06,,,10.58.40,,0,5G,-100,-11,11.0,9,-89,521,27,D
3521,2019.12.06,,,10.58.41,,0,5G,-100,-11,11.0,9,-89,8500,107,D
3522,2019.12.06,,,10.58.43,,0,5G,-101,-14,2.0,9,-89,50,0,D
3550,2019.12.06,,,10.59.13,,0,5G,-101,-11,-2.0,14,-,15,26,D
3562,2019.12.06,,,10.59.26,,0,5G,-101,-11,3.0,14,-,10151,90,D
3563,2019.12.06,,,10.59.27,,0,5G,-101,-11,3.0,14,-,8397,50,D
3587,2019.12.06,,,10.59.53,,0,5G,-102,-11,8.0,11,-88,11,1,D
3604,2019.12.06,,,11.00.11,,0,5G,-101,-11,8.0,11,-83,8238,158,D
3605,2019.12.06,,,11.00.12,,0,5G,-101,-11,8.0,11,-83,5874,109,D
3646,2019.12.06,,,11.00.57,,0,5G,-99,-10,0.0,11,-89,19432,141,D
3661,2019.12.06,,,11.01.13,,0,5G,-100,-11,-1.0,11,-89,51,40,D
3688,2019.12.06,,,11.01.42,,0,5G,-99,-10,10.0,12,-82,11485,178,D
3716,2019.12.06,,,11.02.13,,0,5G,-102,-13,-3.0,12,-86,16,31,D
3731,2019.12.06,,,11.02.29,,0,5G,-100,-12,8.0,15,-89,3447,68,D
3751,2019.12.06,,,11.02.51,,0,5G,-101,-11,6.0,14,-88,183,75,D
3772,2019.12.06,,,11.03.13,,0,5G,-100,-11,7.0,15,-83,15,56,D
3773,2019.12.06,,,11.03.14,,0,5G,-100,-11,7.0,14,-86,875,20,D
3811,2019.12.06,,,11.03.56,,0,5G,-101,-11,-3.0,14,-88,1118,485,D
3812,2019.12.06,,,11.03.57,,0,5G,-101,-13,10.0,14,-88,19242,483,D
3813,2019.12.06,,,11.03.58,,0,5G,-101,-13,10.0,14,-88,33887,626,D
3814,2019.12.06,,,11.03.59,,0,5G,-102,-16,5.0,15,-,39022,632,D
3815,2019.12.06,,,11.04.00,,0,5G,-102,-16,5.0,15,-,32090,506,D
3816,2019.12.06,,,11.04.01,,0,5G,-101,-17,4.0,15,-,36917,190,D
3817,2019.12.06,,,11.04.02,,0,5G,-101,-17,4.0,15,-,31466,274,D
3818,2019.12.06,,,11.04.03,,0,5G,-101,-17,1.0,15,-,32540,242,D
3819,2019.12.06,,,11.04.04,,0,5G,-101,-17,1.0,15,-,8730,50,D
3861,2019.12.06,,,11.04.50,,0,5G,-100,-13,1.0,10,-87,30585,245,D
3867,2019.12.06,,,11.04.56,,0,5G,-100,-11,-2.0,10,-87,16,27,D
3885,2019.12.06,,,11.05.16,,0,5G,-101,-11,3.0,11,-85,16,40,D
3903,2019.12.06,,,11.05.35,,0,5G,-98,-9,9.0,8,-81,13763,203,D
3904,2019.12.06,,,11.05.36,,0,5G,-99,-11,4.0,12,-83,21070,306,D
3922,2019.12.06,,,11.05.56,,0,5G,-99,-10,10.0,13,-83,15,26,D
3946,2019.12.06,,,11.06.22,,0,5G,-99,-12,7.0,14,-82,2918,51,D
3947,2019.12.06,,,11.06.23,,0,5G,-99,-12,7.0,13,-88,5320,74,D
3948,2019.12.06,,,11.06.24,,0,5G,-99,-11,0.0,13,-88,20619,172,D
3960,2019.12.06,,,11.06.37,,0,5G,-100,-10,10.0,12,-83,13,0,D
3978,2019.12.06,,,11.06.56,,0,5G,-99,-10,11.0,8,-,15,26,D
3990,2019.12.06,,,11.07.09,,0,5G,-100,-11,-1.0,14,-83,14914,249,D
3991,2019.12.06,,,11.07.10,,0,5G,-100,-11,-1.0,14,-83,15168,234,D
4033,2019.12.06,,,11.07.56,,0,5G,-100,-12,6.0,13,-89,29481,242,D
4075,2019.12.06,,,11.08.41,,0,5G,-100,-10,-2.0,14,-87,8921,72,D
4076,2019.12.06,,,11.08.42,,0,5G,-100,-11,0.0,12,-85,19669,120,D
4089,2019.12.06,,,11.08.56,,0,5G,-101,-11,9.0,12,-87,15,26,D
4100,2019.12.06,,,11.09.08,,0,5G,-101,-11,-2.0,9,-85,11,1,D
4119,2019.12.06,,,11.09.29,,0,5G,-101,-13,9.0,11,-86,4370,87,D
4120,2019.12.06,,,11.09.30,,0,5G,-103,-13,-3.0,15,-,4153,60,D
4121,2019.12.06,,,11.09.31,,0,5G,-103,-13,-3.0,15,-,519,29,D
4122,2019.12.06,,,11.09.32,,0,5G,-103,-13,3.0,15,-,5992,115,D
4123,2019.12.06,,,11.09.33,,0,5G,-103,-13,3.0,15,-,14117,214,D
4124,2019.12.06,,,11.09.34,,0,5G,-102,-11,8.0,15,-,4424,67,D
4144,2019.12.06,,,11.09.56,,0,5G,-102,-15,-1.0,15,-,15,26,D
4165,2019.12.06,,,11.10.19,,0,5G,-100,-14,6.0,11,-87,36282,265,D
4166,2019.12.06,,,11.10.20,,0,5G,-101,-18,0.0,11,-87,4126,20,D
4200,2019.12.06,,,11.10.57,,0,5G,-101,-17,-1.0,12,-84,17,40,D
4207,2019.12.06,,,11.11.04,,0,5G,-102,-18,-3.0,11,-85,3284,61,D
4211,2019.12.06,,,11.11.09,,0,5G,-102,-14,1.0,11,-84,11,0,D
4219,2019.12.06,,,11.11.17,,0,5G,-99,-15,-1.0,12,-82,2772,81,D
4220,2019.12.06,,,11.11.18,,0,5G,-99,-13,-2.0,11,-87,11411,120,D
4221,2019.12.06,,,11.11.19,,0,5G,-99,-13,-2.0,11,-87,12929,99,D
4255,2019.12.06,,,11.11.56,,0,5G,-101,-14,4.0,14,-85,15,26,D
4263,2019.12.06,,,11.12.05,,0,5G,-101,-12,-2.0,11,-88,5273,107,D
4264,2019.12.06,,,11.12.06,,0,5G,-101,-16,-2.0,11,-83,22124,357,D
4265,2019.12.06,,,11.12.07,,0,5G,-101,-16,-2.0,11,-83,3658,52,D
4306,2019.12.06,,,11.12.51,,0,5G,-100,-12,1.0,14,-,12248,200,D
4307,2019.12.06,,,11.12.53,,0,5G,-100,-12,1.0,12,-89,1537,87,D
4308,2019.12.06,,,11.12.54,,0,5G,-100,-14,9.0,14,-87,20172,173,D
4310,2019.12.06,,,11.12.56,,0,5G,-100,-11,9.0,14,-87,15,26,D
4350,2019.12.06,,,11.13.39,,0,5G,-101,-12,-2.0,9,-82,13830,214,D
4351,2019.12.06,,,11.13.40,,0,5G,-101,-12,-2.0,9,-82,18683,272,D
4367,2019.12.06,,,11.13.57,,0,5G,-100,-11,-1.0,14,-84,15,25,D
4369,2019.12.06,,,11.14.00,,0,5G,-102,-11,10.0,14,-84,37,8,D
4388,2019.12.06,,,11.14.20,,0,5G,-101,-15,-3.0,11,-87,11,1,D
4393,2019.12.06,,,11.14.26,,0,5G,-102,-18,-4.0,11,-87,34581,222,D
4421,2019.12.06,,,11.14.56,,0,5G,-100,-10,11.0,14,-87,15,26,D
4425,2019.12.06,,,11.15.00,,0,5G,-102,-10,-3.0,14,-87,60,12,D
4426,2019.12.06,,,11.15.01,,0,5G,-102,-15,4.0,14,-87,17,1,D
4435,2019.12.06,,,11.15.11,,0,5G,-103,-16,-1.0,14,-,30154,189,D
4447,2019.12.06,,,11.15.24,,0,5G,-102,-12,6.0,14,-84,46,30,D
4477,2019.12.06,,,11.15.57,,0,5G,-99,-9,11.0,14,-,27144,154,D
4493,2019.12.06,,,11.16.14,,0,5G,-101,-11,2.0,12,-86,64,19,D
4519,2019.12.06,,,11.16.42,,0,5G,-101,-10,-1.0,12,-87,23344,135,D
4520,2019.12.06,,,11.16.43,,0,5G,-101,-10,5.0,12,-87,10781,41,D
4533,2019.12.06,,,11.16.56,,0,5G,-103,-10,5.0,12,-,15,26,D
4562,2019.12.06,,,11.17.27,,0,5G,-103,-12,8.0,11,-86,11512,178,D
4563,2019.12.06,,,11.17.28,,0,5G,-103,-12,8.0,11,-86,13898,202,D
4589,2019.12.06,,,11.17.57,,0,5G,-103,-12,0.0,12,-86,18,31,D
4606,2019.12.06,,,11.18.15,,0,5G,-103,-17,-2.0,9,-87,3822,69,D
4607,2019.12.06,,,11.18.16,,0,5G,-103,-17,-2.0,11,-85,14974,268,D
4608,2019.12.06,,,11.18.17,,0,5G,-104,-14,-3.0,15,-88,2253,120,D
4609,2019.12.06,,,11.18.18,,0,5G,-104,-14,-3.0,15,-88,5595,54,D
4610,2019.12.06,,,11.18.19,,0,5G,-101,-12,-7.0,15,-88,11733,87,D
4645,2019.12.06,,,11.18.57,,0,5G,-101,-12,4.0,14,-,20,6,D
4651,2019.12.06,,,11.19.04,,0,5G,-101,-11,-2.0,14,-,103,28,D
4652,2019.12.06,,,11.19.05,,0,5G,-102,-11,-2.0,14,-,2507,54,D
4653,2019.12.06,,,11.19.06,,0,5G,-102,-11,-2.0,14,-,2526,23,D
4654,2019.12.06,,,11.19.07,,0,5G,-104,-11,-1.0,11,-89,3196,21,D
4655,2019.12.06,,,11.19.08,,0,5G,-104,-11,-1.0,11,-89,4009,52,D
4656,2019.12.06,,,11.19.09,,0,5G,-103,-14,1.0,11,-89,4204,25,D
4657,2019.12.06,,,11.19.10,,0,5G,-103,-14,1.0,14,-87,4328,55,D
4658,2019.12.06,,,11.19.11,,0,5G,-103,-12,5.0,14,-87,5784,41,D
4659,2019.12.06,,,11.19.12,,0,5G,-103,-12,5.0,11,-89,4576,27,D
4660,2019.12.06,,,11.19.13,,0,5G,-103,-11,-4.0,11,-89,89,1,D
4675,2019.12.06,,,11.19.30,,0,5G,-102,-17,-5.0,15,-86,11,1,D
4699,2019.12.06,,,11.19.56,,0,5G,-101,-11,6.0,15,-86,16,33,D
4700,2019.12.06,,,11.19.57,,0,5G,-101,-16,1.0,15,-84,10186,163,D
4701,2019.12.06,,,11.19.58,,0,5G,-101,-16,1.0,10,-86,9482,114,D
4702,2019.12.06,,,11.19.59,,0,5G,-100,-9,1.0,15,-88,1175,46,D
4703,2019.12.06,,,11.20.00,,0,5G,-100,-9,1.0,15,-88,9784,95,D
4744,2019.12.06,,,11.20.45,,0,5G,-101,-12,-1.0,11,-,2447,45,D
4745,2019.12.06,,,11.20.46,,0,5G,-101,-12,-1.0,11,-86,28064,191,D
4755,2019.12.06,,,11.20.57,,0,5G,-101,-10,7.0,11,-,15,26,D
4787,2019.12.06,,,11.21.31,,0,5G,-101,-10,-4.0,11,-,32498,248,D
4788,2019.12.06,,,11.21.32,,0,5G,-102,-15,2.0,11,-,843,8,D
4810,2019.12.06,,,11.21.56,,0,5G,-102,-13,8.0,11,-,16,27,D
4829,2019.12.06,,,11.22.17,,0,5G,-102,-13,-3.0,11,-,31226,213,D
4865,2019.12.06,,,11.22.56,,0,5G,-101,-14,1.0,13,-88,51,40,D
4871,2019.12.06,,,11.23.02,,0,5G,-101,-10,4.0,11,-86,35198,217,D
4914,2019.12.06,,,11.23.49,,0,5G,-102,-12,1.0,14,-,11201,180,D
4915,2019.12.06,,,11.23.50,,0,5G,-102,-12,1.0,14,-,16391,227,D
4921,2019.12.06,,,11.23.57,,0,5G,-102,-12,6.0,14,-,16,31,D
4957,2019.12.06,,,11.24.36,,0,5G,-103,-12,6.0,14,-86,29027,150,D
4958,2019.12.06,,,11.24.37,,0,5G,-104,-15,4.0,14,-86,11,0,D
4987,2019.12.06,,,11.25.08,,0,5G,-100,-9,-3.0,14,-,14,0,D
4999,2019.12.06,,,11.25.21,,0,5G,-98,-10,8.0,8,-87,1291,48,D
5000,2019.12.06,,,11.25.22,,0,5G,-98,-11,11.0,15,-89,66,3,D
5003,2019.12.06,,,11.25.25,,0,5G,-99,-11,11.0,13,-87,11,0,D
5015,2019.12.06,,,11.25.38,,0,5G,-99,-11,-3.0,14,-88,45,5,D
5016,2019.12.06,,,11.25.39,,0,5G,-99,-11,4.0,14,-88,19063,169,D
5025,2019.12.06,,,11.25.49,,0,5G,-99,-14,3.0,14,-88,12967,136,D
5026,2019.12.06,,,11.25.50,,0,5G,-99,-16,9.0,14,-88,18570,117,D
5032,2019.12.06,,,11.25.57,,0,5G,-99,-12,2.0,14,-88,16,1,D
5068,2019.12.06,,,11.26.36,,0,5G,-99,-13,0.0,15,-86,5055,92,D
5069,2019.12.06,,,11.26.37,,0,5G,-99,-13,0.0,14,-81,15147,216,D
5070,2019.12.06,,,11.26.38,,0,5G,-98,-13,3.0,14,-81,12813,166,D
5098,2019.12.06,,,11.27.08,,0,5G,-101,-11,-3.0,12,-,24,41,D
5107,2019.12.06,,,11.27.18,,0,5G,-102,-13,-10.0,12,-,11,1,D
5111,2019.12.06,,,11.27.23,,0,5G,-100,-11,9.0,12,-,15068,113,D
5112,2019.12.06,,,11.27.24,,0,5G,-102,-13,7.0,12,-,12771,79,D
5142,2019.12.06,,,11.27.56,,0,5G,-101,-12,1.0,12,-,15,25,D
5153,2019.12.06,,,11.28.08,,0,5G,-101,-14,0.0,12,-,22817,136,D
5196,2019.12.06,,,11.28.55,,0,5G,-101,-12,4.0,10,-85,238,14,D
5197,2019.12.06,,,11.28.56,,0,5G,-101,-12,4.0,10,-85,1288,36,D
5198,2019.12.06,,,11.28.57,,0,5G,-101,-11,0.0,10,-85,2938,71,D
5199,2019.12.06,,,11.28.58,,0,5G,-101,-11,0.0,10,-85,2935,22,D
5200,2019.12.06,,,11.28.59,,0,5G,-101,-11,-2.0,10,-85,567,39,D
5203,2019.12.06,,,11.29.02,,0,5G,-101,-13,-3.0,10,-85,11,7,D
5204,2019.12.06,,,11.29.03,,0,5G,-101,-11,12.0,10,-85,11,0,D
5205,2019.12.06,,,11.29.04,,0,5G,-101,-11,12.0,10,-85,28,1,D
5206,2019.12.06,,,11.29.05,,0,5G,-101,-13,-2.0,10,-85,16,1,D
5207,2019.12.06,,,11.29.06,,0,5G,-101,-13,-2.0,10,-85,11,0,D
5209,2019.12.06,,,11.29.09,,0,5G,-100,-11,10.0,10,-85,13,5,D
5211,2019.12.06,,,11.29.11,,0,5G,-99,-12,0.0,10,-85,208,18,D
5212,2019.12.06,,,11.29.12,,0,5G,-100,-12,6.0,10,-85,460,44,D
5213,2019.12.06,,,11.29.13,,0,5G,-100,-12,6.0,10,-85,11,0,D
5224,2019.12.06,,,11.29.25,,0,5G,-100,-11,0.0,10,-83,417,43,D
5225,2019.12.06,,,11.29.26,,0,5G,-100,-11,0.0,12,-81,411,8,D
5228,2019.12.06,,,11.29.29,,0,5G,-99,-11,7.0,12,-,3808,49,D
5229,2019.12.06,,,11.29.30,,0,5G,-99,-11,7.0,12,-,34613,255,D
5230,2019.12.06,,,11.29.31,,0,5G,-99,-12,-2.0,12,-,11332,61,D
5253,2019.12.06,,,11.29.56,,0,5G,-100,-14,2.0,12,-,16,26,D
5271,2019.12.06,,,11.30.16,,0,5G,-99,-15,-2.0,9,-80,17504,127,D
5272,2019.12.06,,,11.30.17,,0,5G,-99,-11,7.0,9,-80,11223,67,D
5320,2019.12.06,,,11.31.09,,0,5G,-99,-14,10.0,8,-80,713,9,D
5321,2019.12.06,,,11.31.10,,0,5G,-99,-14,10.0,8,-80,2032,26,D
5322,2019.12.06,,,11.31.11,,0,5G,-98,-12,12.0,8,-80,144,2,D
5323,2019.12.06,,,11.31.12,,0,5G,-98,-12,12.0,8,-80,311,12,D
5324,2019.12.06,,,11.31.13,,0,5G,-99,-11,3.0,8,-80,302,18,D
5325,2019.12.06,,,11.31.14,,0,5G,-99,-11,3.0,8,-80,123,7,D
5326,2019.12.06,,,11.31.15,,0,5G,-99,-11,0.0,8,-80,80,9,D
5327,2019.12.06,,,11.31.16,,0,5G,-99,-11,0.0,8,-80,132,8,D
5328,2019.12.06,,,11.31.17,,0,5G,-99,-16,12.0,8,-80,24,5,D
5329,2019.12.06,,,11.31.19,,0,5G,-99,-16,12.0,8,-80,78,4,D
5330,2019.12.06,,,11.31.20,,0,5G,-98,-11,11.0,8,-80,123,7,D
5331,2019.12.06,,,11.31.21,,0,5G,-98,-11,11.0,8,-80,403,7,D
5332,2019.12.06,,,11.31.22,,0,5G,-99,-12,6.0,8,-80,2814,23,D
5333,2019.12.06,,,11.31.23,,0,5G,-99,-12,6.0,8,-80,2266,18,D
5334,2019.12.06,,,11.31.24,,0,5G,-99,-12,13.0,8,-80,686,9,D
5335,2019.12.06,,,11.31.25,,0,5G,-99,-12,13.0,8,-80,245,5,D
5337,2019.12.06,,,11.31.27,,0,5G,-99,-10,9.0,8,-80,770,25,D
5338,2019.12.06,,,11.31.28,,0,5G,-99,-11,11.0,8,-80,704,17,D
5339,2019.12.06,,,11.31.29,,0,5G,-99,-11,11.0,8,-80,36,2,D
5340,2019.12.06,,,11.31.30,,0,5G,-99,-11,5.0,8,-80,33,2,D
5341,2019.12.06,,,11.31.31,,0,5G,-99,-11,5.0,8,-80,67,4,D
5342,2019.12.06,,,11.31.33,,0,5G,-99,-11,4.0,8,-80,106,5,D
5343,2019.12.06,,,11.31.34,,0,5G,-99,-11,4.0,8,-80,302,11,D
5344,2019.12.06,,,11.31.35,,0,5G,-99,-14,4.0,8,-80,122,3,D
5345,2019.12.06,,,11.31.36,,0,5G,-99,-14,4.0,8,-80,148,11,D
5346,2019.12.06,,,11.31.37,,0,5G,-99,-11,11.0,8,-80,66,2,D
5347,2019.12.06,,,11.31.38,,0,5G,-99,-11,11.0,8,-80,326,13,D
5348,2019.12.06,,,11.31.39,,0,5G,-99,-11,7.0,8,-80,144,5,D
5349,2019.12.06,,,11.31.40,,0,5G,-99,-11,7.0,8,-80,55,2,D
5350,2019.12.06,,,11.31.41,,0,5G,-99,-11,0.0,8,-80,356,7,D
5351,2019.12.06,,,11.31.42,,0,5G,-99,-11,0.0,8,-80,33,1,D
5352,2019.12.06,,,11.31.43,,0,5G,-100,-13,5.0,8,-80,45,3,D
5354,2019.12.06,,,11.31.46,,0,5G,-100,-10,9.0,8,-80,79,4,D
5355,2019.12.06,,,11.31.47,,0,5G,-100,-10,9.0,8,-80,33,1,D
5356,2019.12.06,,,11.31.48,,0,5G,-98,-12,-1.0,8,-80,11,1,D
5357,2019.12.06,,,11.31.49,,0,5G,-98,-12,-1.0,8,-80,77,1,D
5358,2019.12.06,,,11.31.50,,0,5G,-100,-10,9.0,8,-80,34,2,D
5359,2019.12.06,,,11.31.51,,0,5G,-100,-10,9.0,8,-80,11,0,D
5361,2019.12.06,,,11.31.53,,0,5G,-101,-12,1.0,8,-80,56,3,D
5362,2019.12.06,,,11.31.54,,0,5G,-99,-15,8.0,8,-80,11,0,D
5364,2019.12.06,,,11.31.56,,0,5G,-99,-11,5.0,8,-80,11,27,D
5365,2019.12.06,,,11.31.58,,0,5G,-99,-11,5.0,11,-82,3686,62,D
5367,2019.12.06,,,11.32.00,,0,5G,-99,-12,-2.0,11,-82,11,0,D
5368,2019.12.06,,,11.32.01,,0,5G,-99,-12,1.0,11,-82,2054,44,D
5369,2019.12.06,,,11.32.02,,0,5G,-99,-12,1.0,11,-82,7606,136,D
5370,2019.12.06,,,11.32.03,,0,5G,-99,-14,1.0,11,-82,994,20,D
5372,2019.12.06,,,11.32.05,,0,5G,-99,-12,1.0,12,-80,790,40,D
5373,2019.12.06,,,11.32.06,,0,5G,-99,-12,1.0,12,-80,4723,63,D
5374,2019.12.06,,,11.32.07,,0,5G,-99,-13,0.0,12,-80,1893,28,D
5375,2019.12.06,,,11.32.08,,0,5G,-99,-13,0.0,12,-80,2050,22,D
5376,2019.12.06,,,11.32.09,,0,5G,-99,-12,1.0,12,-80,533,11,D
5377,2019.12.06,,,11.32.10,,0,5G,-99,-12,1.0,12,-80,157,9,D
5378,2019.12.06,,,11.32.11,,0,5G,-100,-13,0.0,12,-80,399,5,D
5379,2019.12.06,,,11.32.13,,0,5G,-100,-13,0.0,12,-80,1107,15,D
5380,2019.12.06,,,11.32.14,,0,5G,-100,-13,0.0,12,-80,599,15,D
5381,2019.12.06,,,11.32.15,,0,5G,-100,-13,0.0,12,-80,272,7,D
5382,2019.12.06,,,11.32.16,,0,5G,-100,-14,-4.0,12,-80,110,10,D
5383,2019.12.06,,,11.32.17,,0,5G,-100,-14,-4.0,12,-80,788,12,D
5384,2019.12.06,,,11.32.18,,0,5G,-98,-14,4.0,12,-80,822,15,D
5385,2019.12.06,,,11.32.19,,0,5G,-98,-14,4.0,12,-80,189,4,D
5386,2019.12.06,,,11.32.20,,0,5G,-98,-10,11.0,12,-80,25,8,D
5387,2019.12.06,,,11.32.21,,0,5G,-98,-10,11.0,12,-80,270,8,D
5388,2019.12.06,,,11.32.22,,0,5G,-99,-11,2.0,12,-80,852,27,D
5389,2019.12.06,,,11.32.23,,0,5G,-99,-11,2.0,12,-80,67,3,D
5390,2019.12.06,,,11.32.25,,0,5G,-100,-12,8.0,12,-80,282,19,D
5391,2019.12.06,,,11.32.26,,0,5G,-100,-12,8.0,12,-80,22,0,D
5392,2019.12.06,,,11.32.27,,0,5G,-99,-11,11.0,12,-80,66,1,D
5393,2019.12.06,,,11.32.28,,0,5G,-99,-11,11.0,12,-80,101,6,D
5394,2019.12.06,,,11.32.29,,0,5G,-99,-10,13.0,12,-80,32,1,D
5395,2019.12.06,,,11.32.30,,0,5G,-99,-10,13.0,12,-80,111,2,D
5396,2019.12.06,,,11.32.31,,0,5G,-100,-14,-1.0,12,-80,455,8,D
5397,2019.12.06,,,11.32.32,,0,5G,-100,-14,-1.0,12,-80,1053,15,D
5398,2019.12.06,,,11.32.33,,0,5G,-99,-12,-2.0,12,-80,732,10,D
5399,2019.12.06,,,11.32.34,,0,5G,-99,-12,-2.0,12,-80,401,7,D
5400,2019.12.06,,,11.32.35,,0,5G,-99,-11,-1.0,12,-80,390,13,D
5401,2019.12.06,,,11.32.36,,0,5G,-99,-11,-1.0,12,-80,975,14,D
5402,2019.12.06,,,11.32.38,,0,5G,-98,-10,10.0,12,-80,313,10,D
5403,2019.12.06,,,11.32.39,,0,5G,-98,-10,10.0,12,-80,144,2,D
5404,2019.12.06,,,11.32.40,,0,5G,-98,-15,13.0,12,-80,236,9,D
5405,2019.12.06,,,11.32.41,,0,5G,-98,-15,13.0,12,-80,292,10,D
5406,2019.12.06,,,11.32.42,,0,5G,-98,-13,-6.0,12,-80,55,1,D
5407,2019.12.06,,,11.32.43,,0,5G,-98,-13,-6.0,12,-80,11,0,D
5408,2019.12.06,,,11.32.44,,0,5G,-99,-16,1.0,12,-80,59,7,D
5409,2019.12.06,,,11.32.45,,0,5G,-99,-16,1.0,12,-80,67,5,D
5410,2019.12.06,,,11.32.46,,0,5G,-98,-10,3.0,12,-80,11,0,D
5411,2019.12.06,,,11.32.47,,0,5G,-98,-10,3.0,12,-80,56,3,D
5412,2019.12.06,,,11.32.48,,0,5G,-98,-13,11.0,12,-80,22,1,D
5414,2019.12.06,,,11.32.50,,0,5G,-99,-16,12.0,12,-80,23,2,D
5415,2019.12.06,,,11.32.52,,0,5G,-99,-16,12.0,12,-80,57,6,D
5416,2019.12.06,,,11.32.53,,0,5G,-99,-11,8.0,12,-80,45,3,D
5418,2019.12.06,,,11.32.55,,0,5G,-99,-15,10.0,15,-82,33,2,D
5419,2019.12.06,,,11.32.56,,0,5G,-99,-15,10.0,9,-80,1481,21,D
5420,2019.12.06,,,11.32.57,,0,5G,-99,-13,4.0,9,-80,9660,111,D
5421,2019.12.06,,,11.32.58,,0,5G,-99,-13,4.0,9,-80,38862,276,D
5425,2019.12.06,,,11.33.02,,0,5G,-98,-12,9.0,9,-80,13,5,D
5463,2019.12.06,,,11.33.44,,0,5G,-99,-11,0.0,10,-80,29557,185,D
5464,2019.12.06,,,11.33.45,,0,5G,-99,-9,8.0,10,-80,3437,21,D
5475,2019.12.06,,,11.33.57,,0,5G,-101,-11,-5.0,8,-82,15,26,D
5505,2019.12.06,,,11.34.29,,0,5G,-99,-14,11.0,11,-81,23736,151,D
5530,2019.12.06,,,11.34.56,,0,5G,-100,-14,0.0,10,-80,15,26,D
5535,2019.12.06,,,11.35.02,,0,5G,-100,-18,-2.0,10,-80,51,9,D
5547,2019.12.06,,,11.35.15,,0,5G,-99,-12,6.0,10,-80,19431,125,D
5548,2019.12.06,,,11.35.16,,0,5G,-99,-12,-1.0,10,-80,10416,39,D
5586,2019.12.06,,,11.35.57,,0,5G,-100,-16,2.0,13,-81,15,26,D
5589,2019.12.06,,,11.36.00,,0,5G,-100,-15,-4.0,13,-81,4765,33,D
5590,2019.12.06,,,11.36.01,,0,5G,-100,-14,1.0,13,-81,27488,150,D
5631,2019.12.06,,,11.36.45,,0,5G,-102,-14,-3.0,14,-81,2032,13,D
5632,2019.12.06,,,11.36.47,,0,5G,-103,-13,4.0,14,-81,26991,144,D
5641,2019.12.06,,,11.36.56,,0,5G,-102,-13,-2.0,14,-81,15,26,D
5675,2019.12.06,,,11.37.33,,0,5G,-99,-11,7.0,14,-,31090,461,D
5697,2019.12.06,,,11.37.57,,0,5G,-99,-13,2.0,13,-81,15,26,D
5711,2019.12.06,,,11.38.12,,0,5G,-99,-12,1.0,13,-81,11,1,D
5717,2019.12.06,,,11.38.19,,0,5G,-98,-10,-2.0,13,-81,30770,176,D
5759,2019.12.06,,,11.39.04,,0,5G,-99,-14,3.0,14,-83,4842,75,D
5760,2019.12.06,,,11.39.05,,0,5G,-99,-12,1.0,14,-83,1121,42,D
5761,2019.12.06,,,11.39.06,,0,5G,-99,-12,1.0,14,-83,10107,193,D
5762,2019.12.06,,,11.39.07,,0,5G,-99,-11,10.0,14,-83,15693,157,D
5804,2019.12.06,,,11.39.53,,0,5G,-99,-15,10.0,11,-85,8634,129,D
5805,2019.12.06,,,11.39.54,,0,5G,-99,-15,10.0,11,-85,21934,211,D
5808,2019.12.06,,,11.39.57,,0,5G,-102,-13,4.0,12,-85,15,26,D
5848,2019.12.06,,,11.40.40,,0,5G,-103,-15,-2.0,12,-85,6331,128,D
5849,2019.12.06,,,11.40.41,,0,5G,-103,-15,-2.0,12,-85,26302,191,D
5870,2019.12.06,,,11.41.04,,0,5G,-102,-14,-2.0,12,-85,15,25,D
5891,2019.12.06,,,11.41.27,,0,5G,-103,-15,1.0,11,-85,24888,200,D
5892,2019.12.06,,,11.41.28,,0,5G,-103,-13,-2.0,11,-85,5393,41,D
5933,2019.12.06,,,11.42.12,,0,5G,-104,-15,-2.0,11,-85,9300,76,D
5934,2019.12.06,,,11.42.13,,0,5G,-103,-12,10.0,11,-85,18647,139,D
5974,2019.12.06,,,11.42.57,,0,5G,-101,-13,-3.0,14,-87,15,26,D
5976,2019.12.06,,,11.42.59,,0,5G,-101,-12,0.0,14,-87,32186,297,D
5996,2019.12.06,,,11.43.21,,0,5G,-100,-12,5.0,12,-,11,1,D
6011,2019.12.06,,,11.43.37,,0,5G,-103,-14,8.0,13,-89,15,24,D
6012,2019.12.06,,,11.43.38,,0,5G,-104,-10,2.0,13,-87,16974,843,D
6013,2019.12.06,,,11.43.39,,0,5G,-104,-10,2.0,15,-,45093,1141,D
6014,2019.12.06,,,11.43.40,,0,5G,-105,-12,2.0,15,-,37933,972,D
6015,2019.12.06,,,11.43.41,,0,5G,-105,-12,2.0,15,-,38880,859,D
6016,2019.12.06,,,11.43.42,,0,5G,-103,-16,0.0,15,-,9619,199,D
